date,symbol,close
2026-01-22,SPY,688.98
2026-01-23,SPY,689.23
2026-01-26,SPY,692.73
2026-01-27,SPY,695.49
2026-01-28,SPY,695.42
2026-01-29,SPY,694.04
2026-01-30,SPY,691.97
2026-02-02,SPY,695.41
2026-02-03,SPY,689.53
2026-02-04,SPY,686.19
2026-02-05,SPY,677.62
2026-02-06,SPY,690.62
2026-02-09,SPY,693.95
2026-02-10,SPY,692.12
2026-02-11,SPY,691.96
2026-02-12,SPY,681.27
2026-02-13,SPY,681.75
2026-02-17,SPY,682.85
2026-02-18,SPY,686.29
2026-02-19,SPY,684.48
2026-02-20,SPY,689.43
2026-02-23,SPY,682.39
2026-02-24,SPY,687.35
2026-02-25,SPY,693.15
2026-02-26,SPY,689.3
2026-02-27,SPY,685.99
2026-03-02,SPY,686.38
2026-03-03,SPY,680.33
2026-03-04,SPY,685.13
2026-03-05,SPY,681.31
2026-03-06,SPY,672.38
2026-03-09,SPY,678.27
2026-03-10,SPY,677.18
2026-03-11,SPY,676.33
2026-03-12,SPY,666.06
2026-03-13,SPY,662.29
2026-03-16,SPY,669.03
2026-03-17,SPY,670.79
2026-03-18,SPY,661.43
2026-03-19,SPY,659.8
2026-03-20,SPY,648.57
2026-03-23,SPY,655.38
2026-03-24,SPY,653.18
2026-03-25,SPY,656.82
2026-03-26,SPY,645.09
2026-03-27,SPY,634.09
2026-03-30,SPY,631.97
2026-03-31,SPY,650.34
2026-04-01,SPY,655.24
2026-04-02,SPY,655.83
2026-04-06,SPY,658.93
2026-04-07,SPY,659.22
2026-04-08,SPY,676.01
2026-04-09,SPY,679.91
2026-04-10,SPY,679.46
2026-04-13,SPY,686.1
2026-04-14,SPY,694.46
2026-04-15,SPY,699.94
2026-04-16,SPY,701.66
2026-04-17,SPY,710.14
2026-04-20,SPY,708.72
2026-04-21,SPY,704.08
2026-04-22,SPY,711.21
2026-04-23,SPY,708.45
2026-04-24,SPY,713.94
2026-04-27,SPY,715.17
2026-04-28,SPY,711.69
2026-04-29,SPY,711.58
2026-04-30,SPY,718.66
2026-05-01,SPY,720.65
2026-05-04,SPY,718.01
2026-05-05,SPY,723.77
2026-05-06,SPY,733.83
2026-05-07,SPY,731.58
2026-05-08,SPY,737.62
2026-05-11,SPY,739.3
2026-05-12,SPY,738.18
2026-05-13,SPY,742.31
2026-05-14,SPY,748.17
2026-05-15,SPY,739.17
2026-05-18,SPY,738.65
2026-05-19,SPY,733.73
2026-05-20,SPY,741.25
2026-05-21,SPY,742.72
2026-05-22,SPY,745.64
2026-05-26,SPY,750.59
2026-05-27,SPY,750.46
2026-05-28,SPY,754.6
2026-05-29,SPY,756.48
2026-06-01,SPY,758.54
2026-06-02,SPY,759.57
2026-06-03,SPY,754.24
2026-06-04,SPY,757.09
2026-06-05,SPY,737.55
2026-06-08,SPY,739.22
2026-06-09,SPY,737.05
2026-06-10,SPY,725.43
2026-06-11,SPY,737.76
2026-06-12,SPY,741.75
2026-06-15,SPY,754.83
2026-06-16,SPY,750.33
2026-06-17,SPY,740.96
2026-06-18,SPY,746.74
2026-06-22,SPY,744.39
2026-06-23,SPY,733.58
2026-06-24,SPY,733.24
2026-06-25,SPY,734.3
2026-06-26,SPY,728.99
2026-06-29,SPY,741.0
2026-06-30,SPY,746.77
2026-07-01,SPY,745.76
2026-07-02,SPY,744.78
2026-07-06,SPY,751.28
2026-07-07,SPY,747.71
2026-07-08,SPY,745.4
2026-07-09,SPY,751.71
2026-07-10,SPY,754.95
2026-07-13,SPY,749.17
2026-07-14,SPY,751.83
2026-07-15,SPY,754.81
2026-07-16,SPY,750.72
2026-07-17,SPY,743.29
2026-07-20,SPY,742.09
2026-07-21,SPY,748.28
2026-01-22,SMH,402.82
2026-01-23,SMH,400.09
2026-01-26,SMH,398.82
2026-01-27,SMH,407.25
2026-01-28,SMH,416.63
2026-01-29,SMH,417.52
2026-01-30,SMH,403.46
2026-02-02,SMH,407.97
2026-02-03,SMH,397.68
2026-02-04,SMH,382.02
2026-02-05,SMH,381.07
2026-02-06,SMH,401.65
2026-02-09,SMH,406.65
2026-02-10,SMH,404.76
2026-02-11,SMH,414.78
2026-02-12,SMH,406.11
2026-02-13,SMH,407.72
2026-02-17,SMH,407.51
2026-02-18,SMH,412.55
2026-02-19,SMH,410.2
2026-02-20,SMH,415.03
2026-02-23,SMH,412.88
2026-02-24,SMH,419.16
2026-02-25,SMH,426.16
2026-02-26,SMH,412.01
2026-02-27,SMH,406.37
2026-03-02,SMH,406.39
2026-03-03,SMH,391.06
2026-03-04,SMH,399.1
2026-03-05,SMH,395.35
2026-03-06,SMH,380.56
2026-03-09,SMH,394.37
2026-03-10,SMH,397.33
2026-03-11,SMH,401.03
2026-03-12,SMH,388.13
2026-03-13,SMH,387.33
2026-03-16,SMH,393.92
2026-03-17,SMH,396.88
2026-03-18,SMH,393.67
2026-03-19,SMH,394.92
2026-03-20,SMH,384.74
2026-03-23,SMH,391.36
2026-03-24,SMH,394.59
2026-03-25,SMH,399.02
2026-03-26,SMH,380.84
2026-03-27,SMH,374.25
2026-03-30,SMH,362.53
2026-03-31,SMH,383.4
2026-04-01,SMH,391.97
2026-04-02,SMH,392.32
2026-04-06,SMH,395.98
2026-04-07,SMH,399.9
2026-04-08,SMH,422.92
2026-04-09,SMH,430.31
2026-04-10,SMH,436.88
2026-04-13,SMH,443.34
2026-04-14,SMH,452.0
2026-04-15,SMH,453.0
2026-04-16,SMH,454.8
2026-04-17,SMH,464.16
2026-04-20,SMH,463.96
2026-04-21,SMH,464.66
2026-04-22,SMH,476.83
2026-04-23,SMH,481.85
2026-04-24,SMH,506.44
2026-04-27,SMH,506.26
2026-04-28,SMH,491.21
2026-04-29,SMH,499.58
2026-04-30,SMH,506.72
2026-05-01,SMH,509.82
2026-05-04,SMH,506.79
2026-05-05,SMH,522.69
2026-05-06,SMH,549.76
2026-05-07,SMH,540.1
2026-05-08,SMH,566.54
2026-05-11,SMH,576.31
2026-05-12,SMH,561.25
2026-05-13,SMH,572.46
2026-05-14,SMH,578.34
2026-05-15,SMH,556.34
2026-05-18,SMH,546.16
2026-05-19,SMH,543.96
2026-05-20,SMH,564.66
2026-05-21,SMH,567.88
2026-05-22,SMH,576.32
2026-05-26,SMH,602.14
2026-05-27,SMH,595.5
2026-05-28,SMH,599.83
2026-05-29,SMH,598.93
2026-06-01,SMH,607.81
2026-06-02,SMH,632.21
2026-06-03,SMH,637.9
2026-06-04,SMH,627.53
2026-06-05,SMH,569.69
2026-06-08,SMH,598.16
2026-06-09,SMH,591.01
2026-06-10,SMH,570.91
2026-06-11,SMH,609.45
2026-06-12,SMH,619.96
2026-06-15,SMH,647.1
2026-06-16,SMH,616.0
2026-06-17,SMH,623.97
2026-06-18,SMH,659.88
2026-06-22,SMH,668.91
2026-06-23,SMH,622.05
2026-06-24,SMH,618.92
2026-06-25,SMH,636.88
2026-06-26,SMH,611.61
2026-06-29,SMH,631.98
2026-06-30,SMH,655.89
2026-07-01,SMH,620.46
2026-07-02,SMH,592.29
2026-07-06,SMH,604.3
2026-07-07,SMH,581.45
2026-07-08,SMH,593.0
2026-07-09,SMH,607.73
2026-07-10,SMH,611.03
2026-07-13,SMH,585.62
2026-07-14,SMH,600.31
2026-07-15,SMH,590.77
2026-07-16,SMH,568.92
2026-07-17,SMH,556.53
2026-07-20,SMH,558.83
2026-07-21,SMH,584.08
2026-01-22,SOXX,348.67
2026-01-23,SOXX,344.71
2026-01-26,SOXX,343.07
2026-01-27,SOXX,351.08
2026-01-28,SOXX,360.46
2026-01-29,SOXX,361.13
2026-01-30,SOXX,346.3
2026-02-02,SOXX,352.69
2026-02-03,SOXX,345.64
2026-02-04,SOXX,330.38
2026-02-05,SOXX,330.83
2026-02-06,SOXX,348.51
2026-02-09,SOXX,352.77
2026-02-10,SOXX,351.43
2026-02-11,SOXX,360.2
2026-02-12,SOXX,351.5
2026-02-13,SOXX,354.66
2026-02-17,SOXX,354.1
2026-02-18,SOXX,357.92
2026-02-19,SOXX,355.84
2026-02-20,SOXX,359.43
2026-02-23,SOXX,356.82
2026-02-24,SOXX,362.04
2026-02-25,SOXX,368.0
2026-02-26,SOXX,356.8
2026-02-27,SOXX,352.29
2026-03-02,SOXX,352.05
2026-03-03,SOXX,334.78
2026-03-04,SOXX,341.54
2026-03-05,SOXX,337.76
2026-03-06,SOXX,323.51
2026-03-09,SOXX,336.37
2026-03-10,SOXX,338.81
2026-03-11,SOXX,342.09
2026-03-12,SOXX,330.19
2026-03-13,SOXX,331.32
2026-03-16,SOXX,337.83
2026-03-17,SOXX,340.25
2026-03-18,SOXX,338.29
2026-03-19,SOXX,340.2
2026-03-20,SOXX,332.51
2026-03-23,SOXX,336.59
2026-03-24,SOXX,341.02
2026-03-25,SOXX,345.25
2026-03-26,SOXX,328.85
2026-03-27,SOXX,323.48
2026-03-30,SOXX,309.79
2026-03-31,SOXX,328.66
2026-04-01,SOXX,338.54
2026-04-02,SOXX,339.61
2026-04-06,SOXX,344.1
2026-04-07,SOXX,347.76
2026-04-08,SOXX,370.4
2026-04-09,SOXX,378.63
2026-04-10,SOXX,386.6
2026-04-13,SOXX,393.34
2026-04-14,SOXX,401.24
2026-04-15,SOXX,401.86
2026-04-16,SOXX,405.95
2026-04-17,SOXX,415.71
2026-04-20,SOXX,417.55
2026-04-21,SOXX,420.7
2026-04-22,SOXX,431.77
2026-04-23,SOXX,441.0
2026-04-24,SOXX,461.6
2026-04-27,SOXX,455.41
2026-04-28,SOXX,438.71
2026-04-29,SOXX,449.99
2026-04-30,SOXX,461.44
2026-05-01,SOXX,465.75
2026-05-04,SOXX,462.06
2026-05-05,SOXX,482.73
2026-05-06,SOXX,506.87
2026-05-07,SOXX,492.36
2026-05-08,SOXX,520.3
2026-05-11,SOXX,532.76
2026-05-12,SOXX,515.99
2026-05-13,SOXX,528.29
2026-05-14,SOXX,530.03
2026-05-15,SOXX,508.52
2026-05-18,SOXX,495.87
2026-05-19,SOXX,496.74
2026-05-20,SOXX,520.31
2026-05-21,SOXX,524.71
2026-05-22,SOXX,537.33
2026-05-26,SOXX,570.09
2026-05-27,SOXX,563.98
2026-05-28,SOXX,569.47
2026-05-29,SOXX,569.08
2026-06-01,SOXX,571.93
2026-06-02,SOXX,605.02
2026-06-03,SOXX,615.68
2026-06-04,SOXX,602.72
2026-06-05,SOXX,539.77
2026-06-08,SOXX,571.45
2026-06-09,SOXX,562.14
2026-06-10,SOXX,541.51
2026-06-11,SOXX,586.93
2026-06-12,SOXX,596.25
2026-06-15,SOXX,628.45
2026-06-16,SOXX,591.24
2026-06-17,SOXX,599.73
2026-06-18,SOXX,639.45
2026-06-22,SOXX,655.01
2026-06-23,SOXX,603.39
2026-06-24,SOXX,601.5
2026-06-25,SOXX,625.2
2026-06-26,SOXX,589.94
2026-06-29,SOXX,614.35
2026-06-30,SOXX,640.76
2026-07-01,SOXX,599.7
2026-07-02,SOXX,566.32
2026-07-06,SOXX,581.51
2026-07-07,SOXX,551.69
2026-07-08,SOXX,562.03
2026-07-09,SOXX,581.7
2026-07-10,SOXX,581.34
2026-07-13,SOXX,553.61
2026-07-14,SOXX,567.92
2026-07-15,SOXX,555.27
2026-07-16,SOXX,530.5
2026-07-17,SOXX,521.81
2026-07-20,SOXX,524.14
2026-07-21,SOXX,552.69
2026-01-22,NVDA,184.84
2026-01-23,NVDA,187.67
2026-01-26,NVDA,186.47
2026-01-27,NVDA,188.52
2026-01-28,NVDA,191.52
2026-01-29,NVDA,192.51
2026-01-30,NVDA,191.13
2026-02-02,NVDA,185.61
2026-02-03,NVDA,180.34
2026-02-04,NVDA,174.19
2026-02-05,NVDA,171.88
2026-02-06,NVDA,185.41
2026-02-09,NVDA,190.04
2026-02-10,NVDA,188.54
2026-02-11,NVDA,190.05
2026-02-12,NVDA,186.94
2026-02-13,NVDA,182.81
2026-02-17,NVDA,184.97
2026-02-18,NVDA,187.98
2026-02-19,NVDA,187.9
2026-02-20,NVDA,189.82
2026-02-23,NVDA,191.55
2026-02-24,NVDA,192.85
2026-02-25,NVDA,195.56
2026-02-26,NVDA,184.89
2026-02-27,NVDA,177.19
2026-03-02,NVDA,182.48
2026-03-03,NVDA,180.05
2026-03-04,NVDA,183.04
2026-03-05,NVDA,183.34
2026-03-06,NVDA,177.82
2026-03-09,NVDA,182.65
2026-03-10,NVDA,184.77
2026-03-11,NVDA,186.03
2026-03-12,NVDA,183.14
2026-03-13,NVDA,180.25
2026-03-16,NVDA,183.22
2026-03-17,NVDA,181.93
2026-03-18,NVDA,180.4
2026-03-19,NVDA,178.56
2026-03-20,NVDA,172.7
2026-03-23,NVDA,175.64
2026-03-24,NVDA,175.2
2026-03-25,NVDA,178.68
2026-03-26,NVDA,171.24
2026-03-27,NVDA,167.52
2026-03-30,NVDA,165.17
2026-03-31,NVDA,174.4
2026-04-01,NVDA,175.75
2026-04-02,NVDA,177.39
2026-04-06,NVDA,177.64
2026-04-07,NVDA,178.1
2026-04-08,NVDA,182.08
2026-04-09,NVDA,183.91
2026-04-10,NVDA,188.63
2026-04-13,NVDA,189.31
2026-04-14,NVDA,196.51
2026-04-15,NVDA,198.87
2026-04-16,NVDA,198.35
2026-04-17,NVDA,201.68
2026-04-20,NVDA,202.06
2026-04-21,NVDA,199.88
2026-04-22,NVDA,202.5
2026-04-23,NVDA,199.64
2026-04-24,NVDA,208.27
2026-04-27,NVDA,216.61
2026-04-28,NVDA,213.17
2026-04-29,NVDA,209.25
2026-04-30,NVDA,199.57
2026-05-01,NVDA,198.45
2026-05-04,NVDA,198.48
2026-05-05,NVDA,196.5
2026-05-06,NVDA,207.83
2026-05-07,NVDA,211.5
2026-05-08,NVDA,215.2
2026-05-11,NVDA,219.44
2026-05-12,NVDA,220.78
2026-05-13,NVDA,225.83
2026-05-14,NVDA,235.74
2026-05-15,NVDA,225.32
2026-05-18,NVDA,222.32
2026-05-19,NVDA,220.61
2026-05-20,NVDA,223.47
2026-05-21,NVDA,219.51
2026-05-22,NVDA,215.33
2026-05-26,NVDA,214.86
2026-05-27,NVDA,212.6
2026-05-28,NVDA,214.25
2026-05-29,NVDA,211.14
2026-06-01,NVDA,224.36
2026-06-02,NVDA,222.82
2026-06-03,NVDA,214.75
2026-06-04,NVDA,218.66
2026-06-05,NVDA,205.1
2026-06-08,NVDA,208.64
2026-06-09,NVDA,208.19
2026-06-10,NVDA,200.42
2026-06-11,NVDA,204.87
2026-06-12,NVDA,205.19
2026-06-15,NVDA,212.45
2026-06-16,NVDA,207.41
2026-06-17,NVDA,204.65
2026-06-18,NVDA,210.69
2026-06-22,NVDA,208.65
2026-06-23,NVDA,200.04
2026-06-24,NVDA,199.0
2026-06-25,NVDA,195.74
2026-06-26,NVDA,192.53
2026-06-29,NVDA,194.97
2026-06-30,NVDA,200.09
2026-07-01,NVDA,197.58
2026-07-02,NVDA,194.83
2026-07-06,NVDA,195.55
2026-07-07,NVDA,196.93
2026-07-08,NVDA,204.12
2026-07-09,NVDA,202.78
2026-07-10,NVDA,210.96
2026-07-13,NVDA,203.53
2026-07-14,NVDA,211.8
2026-07-15,NVDA,212.5
2026-07-16,NVDA,207.4
2026-07-17,NVDA,202.81
2026-07-20,NVDA,203.28
2026-07-21,NVDA,207.29
2026-01-22,AMD,253.73
2026-01-23,AMD,259.68
2026-01-26,AMD,251.31
2026-01-27,AMD,252.03
2026-01-28,AMD,252.74
2026-01-29,AMD,252.18
2026-01-30,AMD,236.73
2026-02-02,AMD,246.27
2026-02-03,AMD,242.11
2026-02-04,AMD,200.19
2026-02-05,AMD,192.5
2026-02-06,AMD,208.44
2026-02-09,AMD,216.0
2026-02-10,AMD,213.57
2026-02-11,AMD,213.58
2026-02-12,AMD,205.94
2026-02-13,AMD,207.32
2026-02-17,AMD,203.08
2026-02-18,AMD,200.12
2026-02-19,AMD,203.37
2026-02-20,AMD,200.15
2026-02-23,AMD,196.6
2026-02-24,AMD,213.84
2026-02-25,AMD,210.86
2026-02-26,AMD,203.68
2026-02-27,AMD,200.21
2026-03-02,AMD,198.62
2026-03-03,AMD,190.95
2026-03-04,AMD,202.07
2026-03-05,AMD,199.45
2026-03-06,AMD,192.43
2026-03-09,AMD,202.68
2026-03-10,AMD,203.23
2026-03-11,AMD,204.83
2026-03-12,AMD,197.74
2026-03-13,AMD,193.39
2026-03-16,AMD,196.58
2026-03-17,AMD,196.31
2026-03-18,AMD,199.46
2026-03-19,AMD,205.27
2026-03-20,AMD,201.33
2026-03-23,AMD,202.68
2026-03-24,AMD,205.37
2026-03-25,AMD,220.27
2026-03-26,AMD,203.77
2026-03-27,AMD,201.99
2026-03-30,AMD,196.04
2026-03-31,AMD,203.43
2026-04-01,AMD,210.21
2026-04-02,AMD,217.5
2026-04-06,AMD,220.18
2026-04-07,AMD,221.53
2026-04-08,AMD,231.82
2026-04-09,AMD,236.64
2026-04-10,AMD,245.04
2026-04-13,AMD,246.83
2026-04-14,AMD,255.07
2026-04-15,AMD,258.12
2026-04-16,AMD,278.26
2026-04-17,AMD,278.39
2026-04-20,AMD,274.95
2026-04-21,AMD,284.49
2026-04-22,AMD,303.46
2026-04-23,AMD,305.33
2026-04-24,AMD,347.81
2026-04-27,AMD,334.63
2026-04-28,AMD,323.21
2026-04-29,AMD,337.11
2026-04-30,AMD,354.49
2026-05-01,AMD,360.54
2026-05-04,AMD,341.54
2026-05-05,AMD,355.26
2026-05-06,AMD,421.39
2026-05-07,AMD,408.46
2026-05-08,AMD,455.19
2026-05-11,AMD,458.79
2026-05-12,AMD,448.29
2026-05-13,AMD,445.5
2026-05-14,AMD,449.7
2026-05-15,AMD,424.1
2026-05-18,AMD,420.99
2026-05-19,AMD,414.05
2026-05-20,AMD,447.58
2026-05-21,AMD,449.59
2026-05-22,AMD,467.51
2026-05-26,AMD,503.89
2026-05-27,AMD,495.54
2026-05-28,AMD,518.09
2026-05-29,AMD,516.1
2026-06-01,AMD,510.13
2026-06-02,AMD,521.54
2026-06-03,AMD,542.52
2026-06-04,AMD,523.2
2026-06-05,AMD,466.38
2026-06-08,AMD,490.33
2026-06-09,AMD,475.51
2026-06-10,AMD,452.4
2026-06-11,AMD,488.45
2026-06-12,AMD,511.57
2026-06-15,AMD,547.26
2026-06-16,AMD,507.29
2026-06-17,AMD,512.48
2026-06-18,AMD,537.37
2026-06-22,AMD,551.63
2026-06-23,AMD,519.85
2026-06-24,AMD,519.74
2026-06-25,AMD,532.57
2026-06-26,AMD,521.58
2026-06-29,AMD,539.49
2026-06-30,AMD,580.91
2026-07-01,AMD,540.88
2026-07-02,AMD,517.82
2026-07-06,AMD,552.05
2026-07-07,AMD,516.11
2026-07-08,AMD,517.41
2026-07-09,AMD,546.72
2026-07-10,AMD,557.89
2026-07-13,AMD,534.39
2026-07-14,AMD,548.13
2026-07-15,AMD,529.14
2026-07-16,AMD,500.94
2026-07-17,AMD,495.76
2026-07-20,AMD,503.57
2026-07-21,AMD,544.43
2026-01-22,AVGO,325.49
2026-01-23,AVGO,320.05
2026-01-26,AVGO,324.85
2026-01-27,AVGO,332.79
2026-01-28,AVGO,333.24
2026-01-29,AVGO,330.73
2026-01-30,AVGO,331.3
2026-02-02,AVGO,331.11
2026-02-03,AVGO,320.33
2026-02-04,AVGO,308.05
2026-02-05,AVGO,310.51
2026-02-06,AVGO,332.92
2026-02-09,AVGO,343.94
2026-02-10,AVGO,340.44
2026-02-11,AVGO,342.76
2026-02-12,AVGO,331.17
2026-02-13,AVGO,325.17
2026-02-17,AVGO,332.54
2026-02-18,AVGO,333.51
2026-02-19,AVGO,333.99
2026-02-20,AVGO,332.65
2026-02-23,AVGO,330.34
2026-02-24,AVGO,325.49
2026-02-25,AVGO,332.31
2026-02-26,AVGO,321.7
2026-02-27,AVGO,319.55
2026-03-02,AVGO,318.82
2026-03-03,AVGO,313.84
2026-03-04,AVGO,317.53
2026-03-05,AVGO,332.77
2026-03-06,AVGO,330.48
2026-03-09,AVGO,345.75
2026-03-10,AVGO,342.58
2026-03-11,AVGO,341.57
2026-03-12,AVGO,335.97
2026-03-13,AVGO,322.16
2026-03-16,AVGO,324.92
2026-03-17,AVGO,321.31
2026-03-18,AVGO,315.93
2026-03-19,AVGO,319.84
2026-03-20,AVGO,310.51
2026-03-23,AVGO,322.51
2026-03-24,AVGO,318.29
2026-03-25,AVGO,318.81
2026-03-26,AVGO,309.42
2026-03-27,AVGO,300.68
2026-03-30,AVGO,293.41
2026-03-31,AVGO,309.51
2026-04-01,AVGO,313.49
2026-04-02,AVGO,314.55
2026-04-06,AVGO,314.43
2026-04-07,AVGO,333.97
2026-04-08,AVGO,350.63
2026-04-09,AVGO,354.91
2026-04-10,AVGO,371.55
2026-04-13,AVGO,379.75
2026-04-14,AVGO,380.78
2026-04-15,AVGO,396.72
2026-04-16,AVGO,398.47
2026-04-17,AVGO,406.54
2026-04-20,AVGO,399.63
2026-04-21,AVGO,402.17
2026-04-22,AVGO,422.65
2026-04-23,AVGO,419.94
2026-04-24,AVGO,422.76
2026-04-27,AVGO,418.2
2026-04-28,AVGO,399.83
2026-04-29,AVGO,405.45
2026-04-30,AVGO,417.43
2026-05-01,AVGO,421.28
2026-05-04,AVGO,416.5
2026-05-05,AVGO,427.36
2026-05-06,AVGO,425.44
2026-05-07,AVGO,412.56
2026-05-08,AVGO,430.0
2026-05-11,AVGO,428.43
2026-05-12,AVGO,419.3
2026-05-13,AVGO,416.79
2026-05-14,AVGO,439.79
2026-05-15,AVGO,425.19
2026-05-18,AVGO,420.71
2026-05-19,AVGO,411.07
2026-05-20,AVGO,417.76
2026-05-21,AVGO,414.57
2026-05-22,AVGO,414.14
2026-05-26,AVGO,422.01
2026-05-27,AVGO,421.86
2026-05-28,AVGO,426.58
2026-05-29,AVGO,446.77
2026-06-01,AVGO,459.97
2026-06-02,AVGO,481.57
2026-06-03,AVGO,479.23
2026-06-04,AVGO,418.91
2026-06-05,AVGO,385.73
2026-06-08,AVGO,396.6
2026-06-09,AVGO,392.16
2026-06-10,AVGO,372.1
2026-06-11,AVGO,385.57
2026-06-12,AVGO,382.07
2026-06-15,AVGO,393.94
2026-06-16,AVGO,376.71
2026-06-17,AVGO,392.9
2026-06-18,AVGO,411.35
2026-06-22,AVGO,392.13
2026-06-23,AVGO,380.15
2026-06-24,AVGO,382.07
2026-06-25,AVGO,378.91
2026-06-26,AVGO,365.02
2026-06-29,AVGO,372.45
2026-06-30,AVGO,377.75
2026-07-01,AVGO,369.34
2026-07-02,AVGO,360.45
2026-07-06,AVGO,373.9
2026-07-07,AVGO,370.78
2026-07-08,AVGO,388.69
2026-07-09,AVGO,401.11
2026-07-10,AVGO,399.97
2026-07-13,AVGO,384.05
2026-07-14,AVGO,389.11
2026-07-15,AVGO,394.28
2026-07-16,AVGO,374.45
2026-07-17,AVGO,370.83
2026-07-20,AVGO,378.16
2026-07-21,AVGO,386.5
2026-01-22,SMCI,32.45
2026-01-23,SMCI,31.7
2026-01-26,SMCI,30.8
2026-01-27,SMCI,31.2
2026-01-28,SMCI,31.21
2026-01-29,SMCI,30.12
2026-01-30,SMCI,29.11
2026-02-02,SMCI,29.71
2026-02-03,SMCI,29.67
2026-02-04,SMCI,33.76
2026-02-05,SMCI,30.85
2026-02-06,SMCI,34.38
2026-02-09,SMCI,33.53
2026-02-10,SMCI,33.33
2026-02-11,SMCI,32.04
2026-02-12,SMCI,30.43
2026-02-13,SMCI,30.54
2026-02-17,SMCI,30.11
2026-02-18,SMCI,29.71
2026-02-19,SMCI,32.16
2026-02-20,SMCI,32.42
2026-02-23,SMCI,30.71
2026-02-24,SMCI,31.13
2026-02-25,SMCI,33.6
2026-02-26,SMCI,32.28
2026-02-27,SMCI,32.39
2026-03-02,SMCI,31.83
2026-03-03,SMCI,30.68
2026-03-04,SMCI,32.65
2026-03-05,SMCI,32.24
2026-03-06,SMCI,31.31
2026-03-09,SMCI,31.98
2026-03-10,SMCI,31.79
2026-03-11,SMCI,31.79
2026-03-12,SMCI,30.9
2026-03-13,SMCI,30.75
2026-03-16,SMCI,31.86
2026-03-17,SMCI,31.51
2026-03-18,SMCI,30.35
2026-03-19,SMCI,30.79
2026-03-20,SMCI,20.53
2026-03-23,SMCI,21.58
2026-03-24,SMCI,22.23
2026-03-25,SMCI,24.05
2026-03-26,SMCI,22.21
2026-03-27,SMCI,21.97
2026-03-30,SMCI,21.06
2026-03-31,SMCI,22.77
2026-04-01,SMCI,22.51
2026-04-02,SMCI,23.22
2026-04-06,SMCI,22.05
2026-04-07,SMCI,22.67
2026-04-08,SMCI,23.37
2026-04-09,SMCI,23.22
2026-04-10,SMCI,25.26
2026-04-13,SMCI,25.97
2026-04-14,SMCI,27.2
2026-04-15,SMCI,27.29
2026-04-16,SMCI,28.4
2026-04-17,SMCI,28.56
2026-04-20,SMCI,28.81
2026-04-21,SMCI,28.43
2026-04-22,SMCI,29.18
2026-04-23,SMCI,26.75
2026-04-24,SMCI,29.08
2026-04-27,SMCI,27.85
2026-04-28,SMCI,27.25
2026-04-29,SMCI,26.32
2026-04-30,SMCI,27.4
2026-05-01,SMCI,27.09
2026-05-04,SMCI,27.92
2026-05-05,SMCI,27.83
2026-05-06,SMCI,34.66
2026-05-07,SMCI,33.62
2026-05-08,SMCI,35.37
2026-05-11,SMCI,33.52
2026-05-12,SMCI,32.79
2026-05-13,SMCI,32.0
2026-05-14,SMCI,33.03
2026-05-15,SMCI,31.04
2026-05-18,SMCI,30.85
2026-05-19,SMCI,30.56
2026-05-20,SMCI,33.46
2026-05-21,SMCI,33.46
2026-05-22,SMCI,35.58
2026-05-26,SMCI,37.1
2026-05-27,SMCI,38.19
2026-05-28,SMCI,41.3
2026-05-29,SMCI,46.09
2026-06-01,SMCI,46.88
2026-06-02,SMCI,50.17
2026-06-03,SMCI,47.42
2026-06-04,SMCI,46.9
2026-06-05,SMCI,41.64
2026-06-08,SMCI,43.99
2026-06-09,SMCI,40.64
2026-06-10,SMCI,29.27
2026-06-11,SMCI,31.97
2026-06-12,SMCI,30.46
2026-06-15,SMCI,30.85
2026-06-16,SMCI,29.22
2026-06-17,SMCI,27.78
2026-06-18,SMCI,30.66
2026-06-22,SMCI,35.46
2026-06-23,SMCI,33.32
2026-06-24,SMCI,32.45
2026-06-25,SMCI,31.68
2026-06-26,SMCI,30.63
2026-06-29,SMCI,28.15
2026-06-30,SMCI,29.33
2026-07-01,SMCI,27.65
2026-07-02,SMCI,27.22
2026-07-06,SMCI,27.19
2026-07-07,SMCI,26.25
2026-07-08,SMCI,28.17
2026-07-09,SMCI,28.24
2026-07-10,SMCI,28.31
2026-07-13,SMCI,27.66
2026-07-14,SMCI,27.65
2026-07-15,SMCI,26.89
2026-07-16,SMCI,24.68
2026-07-17,SMCI,24.18
2026-07-20,SMCI,23.83
2026-07-21,SMCI,25.5
2026-01-22,XLK,144.88
2026-01-23,XLK,145.09
2026-01-26,XLK,146.08
2026-01-27,XLK,148.05
2026-01-28,XLK,149.23
2026-01-29,XLK,146.87
2026-01-30,XLK,143.88
2026-02-02,XLK,145.26
2026-02-03,XLK,142.08
2026-02-04,XLK,138.12
2026-02-05,XLK,135.63
2026-02-06,XLK,141.13
2026-02-09,XLK,143.35
2026-02-10,XLK,142.55
2026-02-11,XLK,142.97
2026-02-12,XLK,139.21
2026-02-13,XLK,139.56
2026-02-17,XLK,139.48
2026-02-18,XLK,140.91
2026-02-19,XLK,140.21
2026-02-20,XLK,140.88
2026-02-23,XLK,138.52
2026-02-24,XLK,140.32
2026-02-25,XLK,143.01
2026-02-26,XLK,141.01
2026-02-27,XLK,138.76
2026-03-02,XLK,139.54
2026-03-03,XLK,137.5
2026-03-04,XLK,139.84
2026-03-05,XLK,140.18
2026-03-06,XLK,137.29
2026-03-09,XLK,139.76
2026-03-10,XLK,139.76
2026-03-11,XLK,140.43
2026-03-12,XLK,137.84
2026-03-13,XLK,136.8
2026-03-16,XLK,138.78
2026-03-17,XLK,139.54
2026-03-18,XLK,137.96
2026-03-19,XLK,138.43
2026-03-20,XLK,135.29
2026-03-23,XLK,136.95
2026-03-24,XLK,136.15
2026-03-25,XLK,136.76
2026-03-26,XLK,132.5
2026-03-27,XLK,129.92
2026-03-30,XLK,127.5
2026-03-31,XLK,132.9
2026-04-01,XLK,134.91
2026-04-02,XLK,135.99
2026-04-06,XLK,136.78
2026-04-07,XLK,137.43
2026-04-08,XLK,141.69
2026-04-09,XLK,142.07
2026-04-10,XLK,142.62
2026-04-13,XLK,145.61
2026-04-14,XLK,147.94
2026-04-15,XLK,150.3
2026-04-16,XLK,152.02
2026-04-17,XLK,154.35
2026-04-20,XLK,154.56
2026-04-21,XLK,154.69
2026-04-22,XLK,158.09
2026-04-23,XLK,155.84
2026-04-24,XLK,160.22
2026-04-27,XLK,160.57
2026-04-28,XLK,157.85
2026-04-29,XLK,159.11
2026-04-30,XLK,159.5
2026-05-01,XLK,161.87
2026-05-04,XLK,162.05
2026-05-05,XLK,165.63
2026-05-06,XLK,170.03
2026-05-07,XLK,169.69
2026-05-08,XLK,175.52
2026-05-11,XLK,177.88
2026-05-12,XLK,175.2
2026-05-13,XLK,176.85
2026-05-14,XLK,179.5
2026-05-15,XLK,176.26
2026-05-18,XLK,174.36
2026-05-19,XLK,173.24
2026-05-20,XLK,177.14
2026-05-21,XLK,178.6
2026-05-22,XLK,180.39
2026-05-26,XLK,185.14
2026-05-27,XLK,184.43
2026-05-28,XLK,186.85
2026-05-29,XLK,191.02
2026-06-01,XLK,195.76
2026-06-02,XLK,198.21
2026-06-03,XLK,196.23
2026-06-04,XLK,193.17
2026-06-05,XLK,180.3
2026-06-08,XLK,184.18
2026-06-09,XLK,180.77
2026-06-10,XLK,176.63
2026-06-11,XLK,183.21
2026-06-12,XLK,184.8
2026-06-15,XLK,191.79
2026-06-16,XLK,186.44
2026-06-17,XLK,185.8
2026-06-18,XLK,191.44
2026-06-22,XLK,192.15
2026-06-23,XLK,184.19
2026-06-24,XLK,183.05
2026-06-25,XLK,184.57
2026-06-26,XLK,181.11
2026-06-29,XLK,185.41
2026-06-30,XLK,190.52
2026-07-01,XLK,185.62
2026-07-02,XLK,180.59
2026-07-06,XLK,183.57
2026-07-07,XLK,179.18
2026-07-08,XLK,181.4
2026-07-09,XLK,185.35
2026-07-10,XLK,185.78
2026-07-13,XLK,181.28
2026-07-14,XLK,183.62
2026-07-15,XLK,181.58
2026-07-16,XLK,177.52
2026-07-17,XLK,175.59
2026-07-20,XLK,175.71
2026-07-21,XLK,180.78
2026-01-22,MSFT,451.14
2026-01-23,MSFT,465.95
2026-01-26,MSFT,470.28
2026-01-27,MSFT,480.58
2026-01-28,MSFT,481.63
2026-01-29,MSFT,433.5
2026-01-30,MSFT,430.29
2026-02-02,MSFT,423.37
2026-02-03,MSFT,411.21
2026-02-04,MSFT,414.19
2026-02-05,MSFT,393.67
2026-02-06,MSFT,401.14
2026-02-09,MSFT,413.6
2026-02-10,MSFT,413.27
2026-02-11,MSFT,404.37
2026-02-12,MSFT,401.84
2026-02-13,MSFT,401.32
2026-02-17,MSFT,396.86
2026-02-18,MSFT,399.6
2026-02-19,MSFT,398.46
2026-02-20,MSFT,397.23
2026-02-23,MSFT,384.47
2026-02-24,MSFT,389.0
2026-02-25,MSFT,400.6
2026-02-26,MSFT,401.72
2026-02-27,MSFT,392.74
2026-03-02,MSFT,398.55
2026-03-03,MSFT,403.93
2026-03-04,MSFT,405.2
2026-03-05,MSFT,410.68
2026-03-06,MSFT,408.96
2026-03-09,MSFT,409.41
2026-03-10,MSFT,405.76
2026-03-11,MSFT,404.88
2026-03-12,MSFT,401.86
2026-03-13,MSFT,395.55
2026-03-16,MSFT,399.95
2026-03-17,MSFT,399.41
2026-03-18,MSFT,391.79
2026-03-19,MSFT,389.02
2026-03-20,MSFT,381.87
2026-03-23,MSFT,383.0
2026-03-24,MSFT,372.74
2026-03-25,MSFT,371.04
2026-03-26,MSFT,365.97
2026-03-27,MSFT,356.77
2026-03-30,MSFT,358.96
2026-03-31,MSFT,370.17
2026-04-01,MSFT,369.37
2026-04-02,MSFT,373.46
2026-04-06,MSFT,372.88
2026-04-07,MSFT,372.29
2026-04-08,MSFT,374.33
2026-04-09,MSFT,373.07
2026-04-10,MSFT,370.87
2026-04-13,MSFT,384.37
2026-04-14,MSFT,393.11
2026-04-15,MSFT,411.22
2026-04-16,MSFT,420.26
2026-04-17,MSFT,422.79
2026-04-20,MSFT,418.07
2026-04-21,MSFT,424.16
2026-04-22,MSFT,432.92
2026-04-23,MSFT,415.75
2026-04-24,MSFT,424.62
2026-04-27,MSFT,424.82
2026-04-28,MSFT,429.25
2026-04-29,MSFT,424.46
2026-04-30,MSFT,407.78
2026-05-01,MSFT,414.44
2026-05-04,MSFT,413.62
2026-05-05,MSFT,411.38
2026-05-06,MSFT,413.96
2026-05-07,MSFT,420.77
2026-05-08,MSFT,415.12
2026-05-11,MSFT,412.66
2026-05-12,MSFT,407.77
2026-05-13,MSFT,405.21
2026-05-14,MSFT,409.43
2026-05-15,MSFT,421.92
2026-05-18,MSFT,423.54
2026-05-19,MSFT,417.42
2026-05-20,MSFT,421.06
2026-05-21,MSFT,419.09
2026-05-22,MSFT,418.57
2026-05-26,MSFT,416.03
2026-05-27,MSFT,412.67
2026-05-28,MSFT,426.99
2026-05-29,MSFT,450.24
2026-06-01,MSFT,460.52
2026-06-02,MSFT,441.31
2026-06-03,MSFT,427.34
2026-06-04,MSFT,428.05
2026-06-05,MSFT,416.67
2026-06-08,MSFT,411.74
2026-06-09,MSFT,403.41
2026-06-10,MSFT,397.36
2026-06-11,MSFT,390.34
2026-06-12,MSFT,390.74
2026-06-15,MSFT,399.76
2026-06-16,MSFT,393.83
2026-06-17,MSFT,378.91
2026-06-18,MSFT,379.4
2026-06-22,MSFT,367.34
2026-06-23,MSFT,373.94
2026-06-24,MSFT,365.46
2026-06-25,MSFT,352.83
2026-06-26,MSFT,372.97
2026-06-29,MSFT,368.57
2026-06-30,MSFT,373.02
2026-07-01,MSFT,384.28
2026-07-02,MSFT,390.49
2026-07-06,MSFT,386.74
2026-07-07,MSFT,388.84
2026-07-08,MSFT,383.34
2026-07-09,MSFT,384.36
2026-07-10,MSFT,385.1
2026-07-13,MSFT,390.99
2026-07-14,MSFT,384.93
2026-07-15,MSFT,395.63
2026-07-16,MSFT,401.1
2026-07-17,MSFT,393.82
2026-07-20,MSFT,402.29
2026-07-21,MSFT,397.75
2026-01-22,GOOGL,330.54
2026-01-23,GOOGL,327.93
2026-01-26,GOOGL,333.26
2026-01-27,GOOGL,334.55
2026-01-28,GOOGL,336.01
2026-01-29,GOOGL,338.25
2026-01-30,GOOGL,338.0
2026-02-02,GOOGL,343.69
2026-02-03,GOOGL,339.71
2026-02-04,GOOGL,333.04
2026-02-05,GOOGL,331.25
2026-02-06,GOOGL,322.86
2026-02-09,GOOGL,324.32
2026-02-10,GOOGL,318.58
2026-02-11,GOOGL,310.96
2026-02-12,GOOGL,309.0
2026-02-13,GOOGL,305.72
2026-02-17,GOOGL,302.02
2026-02-18,GOOGL,303.33
2026-02-19,GOOGL,302.85
2026-02-20,GOOGL,314.98
2026-02-23,GOOGL,311.49
2026-02-24,GOOGL,310.9
2026-02-25,GOOGL,312.9
2026-02-26,GOOGL,307.38
2026-02-27,GOOGL,311.76
2026-03-02,GOOGL,306.52
2026-03-03,GOOGL,303.58
2026-03-04,GOOGL,303.13
2026-03-05,GOOGL,300.88
2026-03-06,GOOGL,298.52
2026-03-09,GOOGL,306.36
2026-03-10,GOOGL,307.04
2026-03-11,GOOGL,308.7
2026-03-12,GOOGL,303.55
2026-03-13,GOOGL,302.28
2026-03-16,GOOGL,305.56
2026-03-17,GOOGL,310.92
2026-03-18,GOOGL,307.69
2026-03-19,GOOGL,307.13
2026-03-20,GOOGL,301.0
2026-03-23,GOOGL,302.06
2026-03-24,GOOGL,290.44
2026-03-25,GOOGL,290.93
2026-03-26,GOOGL,280.92
2026-03-27,GOOGL,274.34
2026-03-30,GOOGL,273.5
2026-03-31,GOOGL,287.56
2026-04-01,GOOGL,297.39
2026-04-02,GOOGL,295.77
2026-04-06,GOOGL,299.99
2026-04-07,GOOGL,305.46
2026-04-08,GOOGL,317.32
2026-04-09,GOOGL,318.49
2026-04-10,GOOGL,317.24
2026-04-13,GOOGL,321.31
2026-04-14,GOOGL,332.91
2026-04-15,GOOGL,337.12
2026-04-16,GOOGL,336.02
2026-04-17,GOOGL,341.68
2026-04-20,GOOGL,337.42
2026-04-21,GOOGL,332.29
2026-04-22,GOOGL,339.32
2026-04-23,GOOGL,338.89
2026-04-24,GOOGL,344.4
2026-04-27,GOOGL,350.34
2026-04-28,GOOGL,349.78
2026-04-29,GOOGL,349.94
2026-04-30,GOOGL,384.8
2026-05-01,GOOGL,385.69
2026-05-04,GOOGL,383.25
2026-05-05,GOOGL,388.43
2026-05-06,GOOGL,398.04
2026-05-07,GOOGL,397.99
2026-05-08,GOOGL,400.8
2026-05-11,GOOGL,388.64
2026-05-12,GOOGL,387.35
2026-05-13,GOOGL,402.62
2026-05-14,GOOGL,401.07
2026-05-15,GOOGL,396.78
2026-05-18,GOOGL,396.94
2026-05-19,GOOGL,387.66
2026-05-20,GOOGL,388.91
2026-05-21,GOOGL,387.66
2026-05-22,GOOGL,382.97
2026-05-26,GOOGL,388.88
2026-05-27,GOOGL,388.83
2026-05-28,GOOGL,390.13
2026-05-29,GOOGL,380.34
2026-06-01,GOOGL,376.37
2026-06-02,GOOGL,361.85
2026-06-03,GOOGL,358.99
2026-06-04,GOOGL,372.19
2026-06-05,GOOGL,368.53
2026-06-08,GOOGL,363.31
2026-06-09,GOOGL,364.26
2026-06-10,GOOGL,356.38
2026-06-11,GOOGL,357.77
2026-06-12,GOOGL,359.68
2026-06-15,GOOGL,369.35
2026-06-16,GOOGL,373.25
2026-06-17,GOOGL,363.79
2026-06-18,GOOGL,368.03
2026-06-22,GOOGL,349.68
2026-06-23,GOOGL,346.13
2026-06-24,GOOGL,345.29
2026-06-25,GOOGL,343.71
2026-06-26,GOOGL,337.39
2026-06-29,GOOGL,353.65
2026-06-30,GOOGL,357.37
2026-07-01,GOOGL,361.21
2026-07-02,GOOGL,359.91
2026-07-06,GOOGL,366.46
2026-07-07,GOOGL,367.03
2026-07-08,GOOGL,361.92
2026-07-09,GOOGL,358.89
2026-07-10,GOOGL,357.18
2026-07-13,GOOGL,352.51
2026-07-14,GOOGL,359.51
2026-07-15,GOOGL,370.92
2026-07-16,GOOGL,354.46
2026-07-17,GOOGL,346.77
2026-07-20,GOOGL,351.99
2026-07-21,GOOGL,347.15
2026-01-22,META,647.63
2026-01-23,META,658.76
2026-01-26,META,672.36
2026-01-27,META,672.97
2026-01-28,META,668.73
2026-01-29,META,738.31
2026-01-30,META,716.5
2026-02-02,META,706.41
2026-02-03,META,691.7
2026-02-04,META,668.99
2026-02-05,META,670.21
2026-02-06,META,661.46
2026-02-09,META,677.22
2026-02-10,META,670.72
2026-02-11,META,668.69
2026-02-12,META,649.81
2026-02-13,META,639.77
2026-02-17,META,639.29
2026-02-18,META,643.22
2026-02-19,META,644.78
2026-02-20,META,655.66
2026-02-23,META,637.25
2026-02-24,META,639.3
2026-02-25,META,653.69
2026-02-26,META,657.01
2026-02-27,META,648.18
2026-03-02,META,653.56
2026-03-03,META,655.08
2026-03-04,META,667.73
2026-03-05,META,660.57
2026-03-06,META,644.86
2026-03-09,META,647.39
2026-03-10,META,654.07
2026-03-11,META,654.86
2026-03-12,META,638.18
2026-03-13,META,613.71
2026-03-16,META,627.45
2026-03-17,META,622.66
2026-03-18,META,615.68
2026-03-19,META,606.7
2026-03-20,META,593.66
2026-03-23,META,604.06
2026-03-24,META,592.92
2026-03-25,META,594.89
2026-03-26,META,547.54
2026-03-27,META,525.72
2026-03-30,META,536.38
2026-03-31,META,572.13
2026-04-01,META,579.23
2026-04-02,META,574.46
2026-04-06,META,573.02
2026-04-07,META,575.05
2026-04-08,META,612.42
2026-04-09,META,628.39
2026-04-10,META,629.86
2026-04-13,META,634.53
2026-04-14,META,662.49
2026-04-15,META,671.58
2026-04-16,META,676.87
2026-04-17,META,688.55
2026-04-20,META,670.91
2026-04-21,META,668.84
2026-04-22,META,674.72
2026-04-23,META,659.15
2026-04-24,META,675.03
2026-04-27,META,678.62
2026-04-28,META,671.34
2026-04-29,META,669.12
2026-04-30,META,611.91
2026-05-01,META,608.75
2026-05-04,META,610.41
2026-05-05,META,604.96
2026-05-06,META,612.88
2026-05-07,META,616.81
2026-05-08,META,609.63
2026-05-11,META,598.86
2026-05-12,META,603.0
2026-05-13,META,616.63
2026-05-14,META,618.43
2026-05-15,META,614.23
2026-05-18,META,611.21
2026-05-19,META,602.61
2026-05-20,META,605.06
2026-05-21,META,607.38
2026-05-22,META,610.26
2026-05-26,META,612.34
2026-05-27,META,635.26
2026-05-28,META,635.29
2026-05-29,META,632.51
2026-06-01,META,600.47
2026-06-02,META,597.63
2026-06-03,META,622.98
2026-06-04,META,627.57
2026-06-05,META,593.0
2026-06-08,META,585.39
2026-06-09,META,584.59
2026-06-10,META,570.98
2026-06-11,META,568.43
2026-06-12,META,566.98
2026-06-15,META,593.48
2026-06-16,META,600.21
2026-06-17,META,567.58
2026-06-18,META,577.22
2026-06-22,META,563.85
2026-06-23,META,562.2
2026-06-24,META,557.67
2026-06-25,META,542.87
2026-06-26,META,550.25
2026-06-29,META,562.6
2026-06-30,META,563.29
2026-07-01,META,612.91
2026-07-02,META,582.9
2026-07-06,META,600.29
2026-07-07,META,615.58
2026-07-08,META,603.12
2026-07-09,META,631.48
2026-07-10,META,669.21
2026-07-13,META,656.73
2026-07-14,META,661.04
2026-07-15,META,681.31
2026-07-16,META,664.54
2026-07-17,META,646.01
2026-07-20,META,645.85
2026-07-21,META,643.81
2026-01-22,AMZN,234.34
2026-01-23,AMZN,239.16
2026-01-26,AMZN,238.42
2026-01-27,AMZN,244.68
2026-01-28,AMZN,243.01
2026-01-29,AMZN,241.73
2026-01-30,AMZN,239.3
2026-02-02,AMZN,242.96
2026-02-03,AMZN,238.62
2026-02-04,AMZN,232.99
2026-02-05,AMZN,222.69
2026-02-06,AMZN,210.32
2026-02-09,AMZN,208.72
2026-02-10,AMZN,206.96
2026-02-11,AMZN,204.08
2026-02-12,AMZN,199.6
2026-02-13,AMZN,198.79
2026-02-17,AMZN,201.15
2026-02-18,AMZN,204.79
2026-02-19,AMZN,204.86
2026-02-20,AMZN,210.11
2026-02-23,AMZN,205.27
2026-02-24,AMZN,208.56
2026-02-25,AMZN,210.64
2026-02-26,AMZN,207.92
2026-02-27,AMZN,210.0
2026-03-02,AMZN,208.39
2026-03-03,AMZN,208.73
2026-03-04,AMZN,216.82
2026-03-05,AMZN,218.94
2026-03-06,AMZN,213.21
2026-03-09,AMZN,213.49
2026-03-10,AMZN,214.33
2026-03-11,AMZN,212.65
2026-03-12,AMZN,209.53
2026-03-13,AMZN,207.67
2026-03-16,AMZN,211.74
2026-03-17,AMZN,215.2
2026-03-18,AMZN,209.87
2026-03-19,AMZN,208.76
2026-03-20,AMZN,205.37
2026-03-23,AMZN,210.14
2026-03-24,AMZN,207.24
2026-03-25,AMZN,211.71
2026-03-26,AMZN,207.54
2026-03-27,AMZN,199.34
2026-03-30,AMZN,200.95
2026-03-31,AMZN,208.27
2026-04-01,AMZN,210.57
2026-04-02,AMZN,209.77
2026-04-06,AMZN,212.79
2026-04-07,AMZN,213.77
2026-04-08,AMZN,221.25
2026-04-09,AMZN,233.65
2026-04-10,AMZN,238.38
2026-04-13,AMZN,239.89
2026-04-14,AMZN,249.02
2026-04-15,AMZN,248.5
2026-04-16,AMZN,249.7
2026-04-17,AMZN,250.56
2026-04-20,AMZN,248.28
2026-04-21,AMZN,249.91
2026-04-22,AMZN,255.36
2026-04-23,AMZN,255.08
2026-04-24,AMZN,263.99
2026-04-27,AMZN,261.12
2026-04-28,AMZN,259.7
2026-04-29,AMZN,263.04
2026-04-30,AMZN,265.06
2026-05-01,AMZN,268.26
2026-05-04,AMZN,272.05
2026-05-05,AMZN,273.55
2026-05-06,AMZN,274.99
2026-05-07,AMZN,271.17
2026-05-08,AMZN,272.68
2026-05-11,AMZN,268.99
2026-05-12,AMZN,265.82
2026-05-13,AMZN,270.13
2026-05-14,AMZN,267.22
2026-05-15,AMZN,264.14
2026-05-18,AMZN,264.86
2026-05-19,AMZN,259.34
2026-05-20,AMZN,265.01
2026-05-21,AMZN,268.46
2026-05-22,AMZN,266.32
2026-05-26,AMZN,265.29
2026-05-27,AMZN,271.85
2026-05-28,AMZN,274.0
2026-05-29,AMZN,270.64
2026-06-01,AMZN,261.26
2026-06-02,AMZN,256.52
2026-06-03,AMZN,250.02
2026-06-04,AMZN,253.79
2026-06-05,AMZN,246.03
2026-06-08,AMZN,245.22
2026-06-09,AMZN,244.19
2026-06-10,AMZN,238.0
2026-06-11,AMZN,241.51
2026-06-12,AMZN,238.55
2026-06-15,AMZN,246.02
2026-06-16,AMZN,246.0
2026-06-17,AMZN,237.5
2026-06-18,AMZN,244.39
2026-06-22,AMZN,232.79
2026-06-23,AMZN,234.11
2026-06-24,AMZN,234.27
2026-06-25,AMZN,227.01
2026-06-26,AMZN,232.69
2026-06-29,AMZN,240.14
2026-06-30,AMZN,238.34
2026-07-01,AMZN,241.7
2026-07-02,AMZN,242.67
2026-07-06,AMZN,244.16
2026-07-07,AMZN,245.98
2026-07-08,AMZN,243.62
2026-07-09,AMZN,247.04
2026-07-10,AMZN,245.34
2026-07-13,AMZN,247.31
2026-07-14,AMZN,247.49
2026-07-15,AMZN,254.96
2026-07-16,AMZN,249.89
2026-07-17,AMZN,247.23
2026-07-20,AMZN,249.99
2026-07-21,AMZN,247.55
2026-01-22,XLE,48.91
2026-01-23,XLE,49.19
2026-01-26,XLE,49.22
2026-01-27,XLE,49.67
2026-01-28,XLE,50.05
2026-01-29,XLE,50.51
2026-01-30,XLE,51.05
2026-02-02,XLE,50.05
2026-02-03,XLE,51.67
2026-02-04,XLE,52.83
2026-02-05,XLE,52.21
2026-02-06,XLE,53.25
2026-02-09,XLE,53.64
2026-02-10,XLE,53.58
2026-02-11,XLE,54.98
2026-02-12,XLE,53.98
2026-02-13,XLE,54.35
2026-02-17,XLE,53.75
2026-02-18,XLE,54.78
2026-02-19,XLE,55.18
2026-02-20,XLE,54.88
2026-02-23,XLE,55.15
2026-02-24,XLE,55.1
2026-02-25,XLE,54.87
2026-02-26,XLE,55.05
2026-02-27,XLE,55.92
2026-03-02,XLE,57.04
2026-03-03,XLE,56.52
2026-03-04,XLE,56.19
2026-03-05,XLE,56.48
2026-03-06,XLE,56.57
2026-03-09,XLE,56.32
2026-03-10,XLE,55.6
2026-03-11,XLE,56.98
2026-03-12,XLE,57.51
2026-03-13,XLE,57.7
2026-03-16,XLE,57.9
2026-03-17,XLE,58.51
2026-03-18,XLE,58.43
2026-03-19,XLE,59.36
2026-03-20,XLE,59.31
2026-03-23,XLE,59.63
2026-03-24,XLE,60.84
2026-03-25,XLE,60.57
2026-03-26,XLE,61.52
2026-03-27,XLE,62.56
2026-03-30,XLE,61.96
2026-03-31,XLE,61.26
2026-04-01,XLE,58.97
2026-04-02,XLE,59.25
2026-04-06,XLE,59.68
2026-04-07,XLE,60.16
2026-04-08,XLE,58.05
2026-04-09,XLE,57.33
2026-04-10,XLE,56.94
2026-04-13,XLE,57.11
2026-04-14,XLE,55.95
2026-04-15,XLE,55.76
2026-04-16,XLE,56.58
2026-04-17,XLE,55.02
2026-04-20,XLE,55.07
2026-04-21,XLE,55.87
2026-04-22,XLE,56.54
2026-04-23,XLE,56.98
2026-04-24,XLE,56.87
2026-04-27,XLE,56.77
2026-04-28,XLE,57.71
2026-04-29,XLE,59.03
2026-04-30,XLE,59.65
2026-05-01,XLE,58.85
2026-05-04,XLE,59.39
2026-05-05,XLE,59.45
2026-05-06,XLE,57.0
2026-05-07,XLE,55.95
2026-05-08,XLE,55.7
2026-05-11,XLE,57.17
2026-05-12,XLE,57.57
2026-05-13,XLE,57.63
2026-05-14,XLE,58.07
2026-05-15,XLE,59.44
2026-05-18,XLE,60.58
2026-05-19,XLE,61.29
2026-05-20,XLE,59.8
2026-05-21,XLE,59.13
2026-05-22,XLE,59.49
2026-05-26,XLE,57.85
2026-05-27,XLE,56.99
2026-05-28,XLE,56.95
2026-05-29,XLE,56.29
2026-06-01,XLE,57.3
2026-06-02,XLE,57.96
2026-06-03,XLE,58.71
2026-06-04,XLE,58.75
2026-06-05,XLE,57.67
2026-06-08,XLE,58.33
2026-06-09,XLE,57.39
2026-06-10,XLE,58.25
2026-06-11,XLE,57.12
2026-06-12,XLE,57.55
2026-06-15,XLE,55.55
2026-06-16,XLE,55.36
2026-06-17,XLE,54.67
2026-06-18,XLE,53.77
2026-06-22,XLE,54.06
2026-06-23,XLE,54.46
2026-06-24,XLE,53.57
2026-06-25,XLE,54.09
2026-06-26,XLE,53.84
2026-06-29,XLE,53.58
2026-06-30,XLE,53.11
2026-07-01,XLE,52.81
2026-07-02,XLE,53.22
2026-07-06,XLE,53.13
2026-07-07,XLE,54.64
2026-07-08,XLE,55.6
2026-07-09,XLE,54.82
2026-07-10,XLE,55.08
2026-07-13,XLE,56.74
2026-07-14,XLE,56.95
2026-07-15,XLE,56.5
2026-07-16,XLE,57.02
2026-07-17,XLE,57.68
2026-07-20,XLE,57.94
2026-07-21,XLE,58.5
2026-01-22,XOP,134.53
2026-01-23,XOP,135.22
2026-01-26,XOP,134.79
2026-01-27,XOP,135.4
2026-01-28,XOP,137.1
2026-01-29,XOP,138.97
2026-01-30,XOP,140.24
2026-02-02,XOP,135.76
2026-02-03,XOP,139.78
2026-02-04,XOP,143.81
2026-02-05,XOP,141.46
2026-02-06,XOP,146.41
2026-02-09,XOP,146.49
2026-02-10,XOP,145.62
2026-02-11,XOP,149.06
2026-02-12,XOP,144.63
2026-02-13,XOP,147.89
2026-02-17,XOP,145.4
2026-02-18,XOP,148.05
2026-02-19,XOP,151.36
2026-02-20,XOP,151.86
2026-02-23,XOP,149.49
2026-02-24,XOP,149.56
2026-02-25,XOP,148.39
2026-02-26,XOP,149.79
2026-02-27,XOP,153.72
2026-03-02,XOP,159.56
2026-03-03,XOP,158.99
2026-03-04,XOP,160.77
2026-03-05,XOP,163.82
2026-03-06,XOP,164.13
2026-03-09,XOP,161.82
2026-03-10,XOP,159.0
2026-03-11,XOP,164.69
2026-03-12,XOP,166.71
2026-03-13,XOP,167.89
2026-03-16,XOP,167.37
2026-03-17,XOP,170.08
2026-03-18,XOP,173.36
2026-03-19,XOP,175.04
2026-03-20,XOP,177.12
2026-03-23,XOP,174.87
2026-03-24,XOP,180.24
2026-03-25,XOP,181.62
2026-03-26,XOP,185.32
2026-03-27,XOP,188.18
2026-03-30,XOP,185.48
2026-03-31,XOP,181.83
2026-04-01,XOP,174.85
2026-04-02,XOP,177.72
2026-04-06,XOP,179.06
2026-04-07,XOP,180.34
2026-04-08,XOP,171.69
2026-04-09,XOP,167.76
2026-04-10,XOP,168.46
2026-04-13,XOP,168.69
2026-04-14,XOP,163.42
2026-04-15,XOP,164.26
2026-04-16,XOP,167.82
2026-04-17,XOP,159.69
2026-04-20,XOP,161.11
2026-04-21,XOP,165.0
2026-04-22,XOP,168.26
2026-04-23,XOP,169.56
2026-04-24,XOP,168.05
2026-04-27,XOP,169.48
2026-04-28,XOP,171.65
2026-04-29,XOP,177.72
2026-04-30,XOP,178.21
2026-05-01,XOP,176.67
2026-05-04,XOP,181.01
2026-05-05,XOP,180.59
2026-05-06,XOP,169.33
2026-05-07,XOP,166.06
2026-05-08,XOP,165.16
2026-05-11,XOP,168.66
2026-05-12,XOP,169.74
2026-05-13,XOP,168.34
2026-05-14,XOP,169.22
2026-05-15,XOP,174.13
2026-05-18,XOP,176.21
2026-05-19,XOP,178.56
2026-05-20,XOP,174.73
2026-05-21,XOP,170.65
2026-05-22,XOP,171.95
2026-05-26,XOP,166.1
2026-05-27,XOP,163.36
2026-05-28,XOP,164.96
2026-05-29,XOP,163.99
2026-06-01,XOP,167.87
2026-06-02,XOP,168.85
2026-06-03,XOP,171.13
2026-06-04,XOP,171.02
2026-06-05,XOP,165.99
2026-06-08,XOP,168.39
2026-06-09,XOP,164.05
2026-06-10,XOP,167.99
2026-06-11,XOP,163.41
2026-06-12,XOP,165.34
2026-06-15,XOP,158.36
2026-06-16,XOP,157.17
2026-06-17,XOP,155.75
2026-06-18,XOP,153.36
2026-06-22,XOP,154.9
2026-06-23,XOP,155.04
2026-06-24,XOP,153.03
2026-06-25,XOP,154.74
2026-06-26,XOP,154.68
2026-06-29,XOP,155.37
2026-06-30,XOP,154.26
2026-07-01,XOP,153.75
2026-07-02,XOP,154.64
2026-07-06,XOP,153.96
2026-07-07,XOP,157.36
2026-07-08,XOP,161.99
2026-07-09,XOP,159.46
2026-07-10,XOP,158.57
2026-07-13,XOP,165.19
2026-07-14,XOP,165.85
2026-07-15,XOP,164.86
2026-07-16,XOP,166.44
2026-07-17,XOP,170.18
2026-07-20,XOP,170.04
2026-07-21,XOP,173.83
2026-01-22,UNG,13.43
2026-01-23,UNG,13.97
2026-01-26,UNG,14.83
2026-01-27,UNG,14.7
2026-01-28,UNG,14.53
2026-01-29,UNG,15.06
2026-01-30,UNG,16.9
2026-02-02,UNG,12.7
2026-02-03,UNG,12.98
2026-02-04,UNG,13.46
2026-02-05,UNG,13.52
2026-02-06,UNG,13.27
2026-02-09,UNG,12.17
2026-02-10,UNG,12.13
2026-02-11,UNG,12.32
2026-02-12,UNG,12.43
2026-02-13,UNG,12.44
2026-02-17,UNG,11.9
2026-02-18,UNG,11.87
2026-02-19,UNG,11.8
2026-02-20,UNG,12.01
2026-02-23,UNG,11.74
2026-02-24,UNG,11.46
2026-02-25,UNG,11.6
2026-02-26,UNG,11.38
2026-02-27,UNG,11.52
2026-03-02,UNG,12.0
2026-03-03,UNG,12.28
2026-03-04,UNG,11.78
2026-03-05,UNG,12.05
2026-03-06,UNG,12.75
2026-03-09,UNG,12.31
2026-03-10,UNG,12.27
2026-03-11,UNG,12.88
2026-03-12,UNG,13.04
2026-03-13,UNG,12.64
2026-03-16,UNG,12.21
2026-03-17,UNG,12.2
2026-03-18,UNG,12.67
2026-03-19,UNG,12.56
2026-03-20,UNG,12.39
2026-03-23,UNG,11.73
2026-03-24,UNG,11.73
2026-03-25,UNG,11.86
2026-03-26,UNG,11.84
2026-03-27,UNG,12.28
2026-03-30,UNG,11.68
2026-03-31,UNG,11.73
2026-04-01,UNG,11.42
2026-04-02,UNG,11.35
2026-04-06,UNG,11.37
2026-04-07,UNG,11.55
2026-04-08,UNG,11.08
2026-04-09,UNG,10.88
2026-04-10,UNG,10.77
2026-04-13,UNG,10.68
2026-04-14,UNG,10.56
2026-04-15,UNG,10.58
2026-04-16,UNG,10.78
2026-04-17,UNG,10.84
2026-04-20,UNG,10.85
2026-04-21,UNG,10.95
2026-04-22,UNG,10.95
2026-04-23,UNG,10.52
2026-04-24,UNG,10.31
2026-04-27,UNG,10.49
2026-04-28,UNG,10.33
2026-04-29,UNG,10.15
2026-04-30,UNG,10.6
2026-05-01,UNG,10.71
2026-05-04,UNG,10.95
2026-05-05,UNG,10.64
2026-05-06,UNG,10.45
2026-05-07,UNG,10.68
2026-05-08,UNG,10.57
2026-05-11,UNG,11.22
2026-05-12,UNG,10.91
2026-05-13,UNG,10.98
2026-05-14,UNG,11.16
2026-05-15,UNG,11.33
2026-05-18,UNG,11.54
2026-05-19,UNG,11.9
2026-05-20,UNG,11.49
2026-05-21,UNG,11.33
2026-05-22,UNG,10.94
2026-05-26,UNG,10.91
2026-05-27,UNG,11.18
2026-05-28,UNG,11.89
2026-05-29,UNG,11.93
2026-06-01,UNG,11.54
2026-06-02,UNG,11.47
2026-06-03,UNG,11.71
2026-06-04,UNG,12.12
2026-06-05,UNG,11.67
2026-06-08,UNG,11.37
2026-06-09,UNG,11.39
2026-06-10,UNG,11.54
2026-06-11,UNG,11.16
2026-06-12,UNG,11.35
2026-06-15,UNG,11.43
2026-06-16,UNG,11.76
2026-06-17,UNG,11.57
2026-06-18,UNG,11.74
2026-06-22,UNG,11.77
2026-06-23,UNG,11.5
2026-06-24,UNG,11.73
2026-06-25,UNG,11.75
2026-06-26,UNG,11.87
2026-06-29,UNG,11.43
2026-06-30,UNG,11.72
2026-07-01,UNG,11.52
2026-07-02,UNG,11.58
2026-07-06,UNG,11.71
2026-07-07,UNG,11.76
2026-07-08,UNG,11.6
2026-07-09,UNG,10.83
2026-07-10,UNG,10.6
2026-07-13,UNG,10.37
2026-07-14,UNG,10.52
2026-07-15,UNG,10.55
2026-07-16,UNG,10.42
2026-07-17,UNG,10.51
2026-07-20,UNG,10.29
2026-07-21,UNG,10.4
2026-01-22,FCG,24.35
2026-01-23,FCG,24.5
2026-01-26,FCG,24.59
2026-01-27,FCG,24.87
2026-01-28,FCG,25.13
2026-01-29,FCG,25.47
2026-01-30,FCG,25.61
2026-02-02,FCG,24.75
2026-02-03,FCG,25.33
2026-02-04,FCG,25.99
2026-02-05,FCG,25.48
2026-02-06,FCG,26.18
2026-02-09,FCG,26.22
2026-02-10,FCG,26.03
2026-02-11,FCG,26.68
2026-02-12,FCG,26.03
2026-02-13,FCG,26.59
2026-02-17,FCG,26.18
2026-02-18,FCG,26.83
2026-02-19,FCG,27.38
2026-02-20,FCG,27.61
2026-02-23,FCG,27.18
2026-02-24,FCG,27.07
2026-02-25,FCG,26.91
2026-02-26,FCG,27.11
2026-02-27,FCG,27.93
2026-03-02,FCG,28.65
2026-03-03,FCG,28.57
2026-03-04,FCG,28.54
2026-03-05,FCG,28.92
2026-03-06,FCG,29.08
2026-03-09,FCG,29.09
2026-03-10,FCG,28.36
2026-03-11,FCG,29.11
2026-03-12,FCG,29.38
2026-03-13,FCG,29.71
2026-03-16,FCG,29.73
2026-03-17,FCG,30.08
2026-03-18,FCG,30.32
2026-03-19,FCG,30.95
2026-03-20,FCG,31.09
2026-03-23,FCG,30.9
2026-03-24,FCG,31.62
2026-03-25,FCG,31.95
2026-03-26,FCG,32.36
2026-03-27,FCG,32.74
2026-03-30,FCG,32.32
2026-03-31,FCG,31.69
2026-04-01,FCG,30.63
2026-04-02,FCG,31.16
2026-04-06,FCG,31.34
2026-04-07,FCG,31.66
2026-04-08,FCG,30.3
2026-04-09,FCG,29.93
2026-04-10,FCG,29.97
2026-04-13,FCG,29.96
2026-04-14,FCG,28.97
2026-04-15,FCG,29.01
2026-04-16,FCG,29.56
2026-04-17,FCG,28.46
2026-04-20,FCG,28.61
2026-04-21,FCG,29.15
2026-04-22,FCG,29.78
2026-04-23,FCG,30.11
2026-04-24,FCG,29.82
2026-04-27,FCG,30.02
2026-04-28,FCG,30.5
2026-04-29,FCG,31.31
2026-04-30,FCG,31.4
2026-05-01,FCG,31.02
2026-05-04,FCG,31.67
2026-05-05,FCG,31.39
2026-05-06,FCG,29.65
2026-05-07,FCG,29.2
2026-05-08,FCG,28.92
2026-05-11,FCG,29.58
2026-05-12,FCG,29.79
2026-05-13,FCG,29.79
2026-05-14,FCG,30.05
2026-05-15,FCG,30.8
2026-05-18,FCG,31.12
2026-05-19,FCG,31.49
2026-05-20,FCG,30.74
2026-05-21,FCG,30.19
2026-05-22,FCG,30.34
2026-05-26,FCG,29.22
2026-05-27,FCG,28.61
2026-05-28,FCG,28.8
2026-05-29,FCG,28.52
2026-06-01,FCG,29.32
2026-06-02,FCG,29.46
2026-06-03,FCG,29.76
2026-06-04,FCG,29.81
2026-06-05,FCG,28.72
2026-06-08,FCG,29.14
2026-06-09,FCG,28.47
2026-06-10,FCG,29.17
2026-06-11,FCG,28.41
2026-06-12,FCG,28.79
2026-06-15,FCG,27.66
2026-06-16,FCG,27.47
2026-06-17,FCG,27.28
2026-06-18,FCG,26.88
2026-06-22,FCG,27.32
2026-06-23,FCG,27.39
2026-06-24,FCG,26.87
2026-06-25,FCG,26.76
2026-06-26,FCG,26.74
2026-06-29,FCG,26.58
2026-06-30,FCG,26.61
2026-07-01,FCG,26.15
2026-07-02,FCG,26.44
2026-07-06,FCG,26.23
2026-07-07,FCG,27.04
2026-07-08,FCG,27.52
2026-07-09,FCG,26.95
2026-07-10,FCG,26.72
2026-07-13,FCG,27.59
2026-07-14,FCG,27.54
2026-07-15,FCG,27.42
2026-07-16,FCG,27.51
2026-07-17,FCG,28.04
2026-07-20,FCG,27.99
2026-07-21,FCG,28.52
2026-01-21,NG=F,4.875
2026-01-22,NG=F,5.045
2026-01-23,NG=F,5.275
2026-01-26,NG=F,6.8
2026-01-27,NG=F,6.954
2026-01-28,NG=F,7.46
2026-01-29,NG=F,3.918
2026-01-30,NG=F,4.354
2026-02-02,NG=F,3.237
2026-02-03,NG=F,3.311
2026-02-04,NG=F,3.465
2026-02-05,NG=F,3.509
2026-02-06,NG=F,3.422
2026-02-09,NG=F,3.138
2026-02-10,NG=F,3.115
2026-02-11,NG=F,3.159
2026-02-12,NG=F,3.217
2026-02-13,NG=F,3.243
2026-02-17,NG=F,3.031
2026-02-18,NG=F,3.011
2026-02-19,NG=F,2.996
2026-02-20,NG=F,3.047
2026-02-23,NG=F,2.985
2026-02-24,NG=F,2.915
2026-02-25,NG=F,2.969
2026-02-26,NG=F,2.827
2026-02-27,NG=F,2.859
2026-03-02,NG=F,2.96
2026-03-03,NG=F,3.054
2026-03-04,NG=F,2.917
2026-03-05,NG=F,3.003
2026-03-06,NG=F,3.186
2026-03-09,NG=F,3.12
2026-03-10,NG=F,3.02
2026-03-11,NG=F,3.209
2026-03-12,NG=F,3.233
2026-03-13,NG=F,3.131
2026-03-16,NG=F,3.023
2026-03-17,NG=F,3.033
2026-03-18,NG=F,3.065
2026-03-19,NG=F,3.166
2026-03-20,NG=F,3.095
2026-03-23,NG=F,2.891
2026-03-24,NG=F,2.943
2026-03-25,NG=F,2.952
2026-03-26,NG=F,2.999
2026-03-27,NG=F,3.095
2026-03-30,NG=F,2.887
2026-03-31,NG=F,2.884
2026-04-01,NG=F,2.819
2026-04-02,NG=F,2.8
2026-04-06,NG=F,2.811
2026-04-07,NG=F,2.87
2026-04-08,NG=F,2.724
2026-04-09,NG=F,2.67
2026-04-10,NG=F,2.648
2026-04-13,NG=F,2.627
2026-04-14,NG=F,2.599
2026-04-15,NG=F,2.61
2026-04-16,NG=F,2.647
2026-04-17,NG=F,2.674
2026-04-20,NG=F,2.689
2026-04-21,NG=F,2.697
2026-04-22,NG=F,2.722
2026-04-23,NG=F,2.614
2026-04-24,NG=F,2.523
2026-04-27,NG=F,2.55
2026-04-28,NG=F,2.559
2026-04-29,NG=F,2.647
2026-04-30,NG=F,2.767
2026-05-01,NG=F,2.78
2026-05-04,NG=F,2.867
2026-05-05,NG=F,2.788
2026-05-06,NG=F,2.73
2026-05-07,NG=F,2.769
2026-05-08,NG=F,2.757
2026-05-11,NG=F,2.91
2026-05-12,NG=F,2.843
2026-05-13,NG=F,2.864
2026-05-14,NG=F,2.894
2026-05-15,NG=F,2.96
2026-05-18,NG=F,3.024
2026-05-19,NG=F,3.114
2026-05-20,NG=F,3.004
2026-05-21,NG=F,3.018
2026-05-22,NG=F,2.907
2026-05-26,NG=F,2.894
2026-05-27,NG=F,3.04
2026-05-28,NG=F,3.285
2026-05-29,NG=F,3.29
2026-06-01,NG=F,3.179
2026-06-02,NG=F,3.167
2026-06-03,NG=F,3.214
2026-06-04,NG=F,3.336
2026-06-05,NG=F,3.229
2026-06-08,NG=F,3.147
2026-06-09,NG=F,3.14
2026-06-10,NG=F,3.185
2026-06-11,NG=F,3.087
2026-06-12,NG=F,3.12
2026-06-15,NG=F,3.147
2026-06-16,NG=F,3.239
2026-06-17,NG=F,3.145
2026-06-18,NG=F,3.233
2026-06-22,NG=F,3.253
2026-06-23,NG=F,3.147
2026-06-24,NG=F,3.221
2026-06-25,NG=F,3.343
2026-06-26,NG=F,3.231
2026-06-29,NG=F,3.181
2026-06-30,NG=F,3.275
2026-07-01,NG=F,3.22
2026-07-02,NG=F,3.196
2026-07-06,NG=F,3.245
2026-07-07,NG=F,3.265
2026-07-08,NG=F,3.212
2026-07-09,NG=F,3.012
2026-07-10,NG=F,2.94
2026-07-13,NG=F,2.897
2026-07-14,NG=F,2.904
2026-07-15,NG=F,2.924
2026-07-16,NG=F,2.858
2026-07-17,NG=F,2.911
2026-07-20,NG=F,2.86
2026-07-21,NG=F,2.886
2026-01-22,URA,56.56
2026-01-23,URA,57.0
2026-01-26,URA,54.93
2026-01-27,URA,57.85
2026-01-28,URA,61.81
2026-01-29,URA,59.33
2026-01-30,URA,54.99
2026-02-02,URA,53.27
2026-02-03,URA,56.28
2026-02-04,URA,52.39
2026-02-05,URA,49.11
2026-02-06,URA,52.16
2026-02-09,URA,54.9
2026-02-10,URA,53.5
2026-02-11,URA,53.71
2026-02-12,URA,51.75
2026-02-13,URA,51.91
2026-02-17,URA,51.32
2026-02-18,URA,52.99
2026-02-19,URA,53.92
2026-02-20,URA,54.36
2026-02-23,URA,53.44
2026-02-24,URA,54.95
2026-02-25,URA,55.19
2026-02-26,URA,54.87
2026-02-27,URA,54.34
2026-03-02,URA,56.45
2026-03-03,URA,52.0
2026-03-04,URA,52.77
2026-03-05,URA,50.06
2026-03-06,URA,48.78
2026-03-09,URA,51.07
2026-03-10,URA,52.31
2026-03-11,URA,51.36
2026-03-12,URA,50.77
2026-03-13,URA,49.29
2026-03-16,URA,49.95
2026-03-17,URA,50.52
2026-03-18,URA,49.07
2026-03-19,URA,48.27
2026-03-20,URA,46.44
2026-03-23,URA,48.15
2026-03-24,URA,48.19
2026-03-25,URA,48.95
2026-03-26,URA,46.7
2026-03-27,URA,46.63
2026-03-30,URA,45.29
2026-03-31,URA,48.43
2026-04-01,URA,49.26
2026-04-02,URA,48.9
2026-04-06,URA,48.61
2026-04-07,URA,47.95
2026-04-08,URA,51.4
2026-04-09,URA,50.93
2026-04-10,URA,50.96
2026-04-13,URA,52.18
2026-04-14,URA,52.84
2026-04-15,URA,54.84
2026-04-16,URA,55.27
2026-04-17,URA,55.86
2026-04-20,URA,56.05
2026-04-21,URA,53.74
2026-04-22,URA,57.73
2026-04-23,URA,56.47
2026-04-24,URA,55.31
2026-04-27,URA,56.7
2026-04-28,URA,54.23
2026-04-29,URA,52.89
2026-04-30,URA,56.42
2026-05-01,URA,55.84
2026-05-04,URA,54.77
2026-05-05,URA,54.2
2026-05-06,URA,58.26
2026-05-07,URA,56.26
2026-05-08,URA,55.18
2026-05-11,URA,57.23
2026-05-12,URA,54.35
2026-05-13,URA,53.31
2026-05-14,URA,52.5
2026-05-15,URA,49.93
2026-05-18,URA,48.68
2026-05-19,URA,47.2
2026-05-20,URA,48.04
2026-05-21,URA,48.86
2026-05-22,URA,48.96
2026-05-26,URA,50.86
2026-05-27,URA,50.16
2026-05-28,URA,50.75
2026-05-29,URA,50.76
2026-06-01,URA,50.54
2026-06-02,URA,53.42
2026-06-03,URA,50.39
2026-06-04,URA,50.28
2026-06-05,URA,45.31
2026-06-08,URA,45.92
2026-06-09,URA,44.12
2026-06-10,URA,42.35
2026-06-11,URA,44.83
2026-06-12,URA,45.52
2026-06-15,URA,48.06
2026-06-16,URA,47.87
2026-06-17,URA,47.1
2026-06-18,URA,47.78
2026-06-22,URA,46.8
2026-06-23,URA,45.58
2026-06-24,URA,44.72
2026-06-25,URA,43.92
2026-06-26,URA,43.59
2026-06-29,URA,43.93
2026-06-30,URA,43.7
2026-07-01,URA,43.18
2026-07-02,URA,43.23
2026-07-06,URA,43.88
2026-07-07,URA,41.75
2026-07-08,URA,41.66
2026-07-09,URA,42.35
2026-07-10,URA,42.97
2026-07-13,URA,40.72
2026-07-14,URA,41.55
2026-07-15,URA,40.9
2026-07-16,URA,39.11
2026-07-17,URA,38.73
2026-07-20,URA,38.67
2026-07-21,URA,40.25
2026-01-22,URNM,75.3
2026-01-23,URNM,75.95
2026-01-26,URNM,73.69
2026-01-27,URNM,77.42
2026-01-28,URNM,83.99
2026-01-29,URNM,81.09
2026-01-30,URNM,74.36
2026-02-02,URNM,71.7
2026-02-03,URNM,76.45
2026-02-04,URNM,70.06
2026-02-05,URNM,65.72
2026-02-06,URNM,68.6
2026-02-09,URNM,72.57
2026-02-10,URNM,70.88
2026-02-11,URNM,72.1
2026-02-12,URNM,69.31
2026-02-13,URNM,68.96
2026-02-17,URNM,68.22
2026-02-18,URNM,71.29
2026-02-19,URNM,72.62
2026-02-20,URNM,73.49
2026-02-23,URNM,72.06
2026-02-24,URNM,74.27
2026-02-25,URNM,73.49
2026-02-26,URNM,72.31
2026-02-27,URNM,71.94
2026-03-02,URNM,75.56
2026-03-03,URNM,69.37
2026-03-04,URNM,70.97
2026-03-05,URNM,66.5
2026-03-06,URNM,63.97
2026-03-09,URNM,66.7
2026-03-10,URNM,68.68
2026-03-11,URNM,67.5
2026-03-12,URNM,67.11
2026-03-13,URNM,63.82
2026-03-16,URNM,64.18
2026-03-17,URNM,65.05
2026-03-18,URNM,62.55
2026-03-19,URNM,60.9
2026-03-20,URNM,58.13
2026-03-23,URNM,60.15
2026-03-24,URNM,61.01
2026-03-25,URNM,62.68
2026-03-26,URNM,59.24
2026-03-27,URNM,59.78
2026-03-30,URNM,58.44
2026-03-31,URNM,63.15
2026-04-01,URNM,63.87
2026-04-02,URNM,63.41
2026-04-06,URNM,62.92
2026-04-07,URNM,61.69
2026-04-08,URNM,64.74
2026-04-09,URNM,64.61
2026-04-10,URNM,64.44
2026-04-13,URNM,65.9
2026-04-14,URNM,66.43
2026-04-15,URNM,68.89
2026-04-16,URNM,69.52
2026-04-17,URNM,69.43
2026-04-20,URNM,70.41
2026-04-21,URNM,67.09
2026-04-22,URNM,71.36
2026-04-23,URNM,69.13
2026-04-24,URNM,67.01
2026-04-27,URNM,68.74
2026-04-28,URNM,65.96
2026-04-29,URNM,64.41
2026-04-30,URNM,68.55
2026-05-01,URNM,67.13
2026-05-04,URNM,66.36
2026-05-05,URNM,64.82
2026-05-06,URNM,69.19
2026-05-07,URNM,67.01
2026-05-08,URNM,64.99
2026-05-11,URNM,68.19
2026-05-12,URNM,65.5
2026-05-13,URNM,63.88
2026-05-14,URNM,62.5
2026-05-15,URNM,60.15
2026-05-18,URNM,58.75
2026-05-19,URNM,57.08
2026-05-20,URNM,57.43
2026-05-21,URNM,58.08
2026-05-22,URNM,58.22
2026-05-26,URNM,60.88
2026-05-27,URNM,60.48
2026-05-28,URNM,61.35
2026-05-29,URNM,61.28
2026-06-01,URNM,61.14
2026-06-02,URNM,65.34
2026-06-03,URNM,61.46
2026-06-04,URNM,61.05
2026-06-05,URNM,55.28
2026-06-08,URNM,55.78
2026-06-09,URNM,53.75
2026-06-10,URNM,51.47
2026-06-11,URNM,54.29
2026-06-12,URNM,54.58
2026-06-15,URNM,57.9
2026-06-16,URNM,57.73
2026-06-17,URNM,57.08
2026-06-18,URNM,57.47
2026-06-22,URNM,56.18
2026-06-23,URNM,55.69
2026-06-24,URNM,54.29
2026-06-25,URNM,53.26
2026-06-26,URNM,53.05
2026-06-29,URNM,53.13
2026-06-30,URNM,52.59
2026-07-01,URNM,52.37
2026-07-02,URNM,52.83
2026-07-06,URNM,53.56
2026-07-07,URNM,50.67
2026-07-08,URNM,51.34
2026-07-09,URNM,52.21
2026-07-10,URNM,53.29
2026-07-13,URNM,50.21
2026-07-14,URNM,51.59
2026-07-15,URNM,50.88
2026-07-16,URNM,48.77
2026-07-17,URNM,48.22
2026-07-20,URNM,48.25
2026-07-21,URNM,50.17
2026-01-22,CCJ,121.87
2026-01-23,CCJ,124.04
2026-01-26,CCJ,121.26
2026-01-27,CCJ,125.97
2026-01-28,CCJ,134.09
2026-01-29,CCJ,133.67
2026-01-30,CCJ,123.39
2026-02-02,CCJ,120.21
2026-02-03,CCJ,126.15
2026-02-04,CCJ,114.82
2026-02-05,CCJ,109.28
2026-02-06,CCJ,113.63
2026-02-09,CCJ,120.68
2026-02-10,CCJ,118.09
2026-02-11,CCJ,119.18
2026-02-12,CCJ,116.39
2026-02-13,CCJ,112.9
2026-02-17,CCJ,112.94
2026-02-18,CCJ,116.5
2026-02-19,CCJ,119.03
2026-02-20,CCJ,121.35
2026-02-23,CCJ,118.75
2026-02-24,CCJ,121.08
2026-02-25,CCJ,119.72
2026-02-26,CCJ,118.18
2026-02-27,CCJ,118.4
2026-03-02,CCJ,125.74
2026-03-03,CCJ,117.79
2026-03-04,CCJ,120.24
2026-03-05,CCJ,114.24
2026-03-06,CCJ,109.68
2026-03-09,CCJ,116.14
2026-03-10,CCJ,120.08
2026-03-11,CCJ,115.39
2026-03-12,CCJ,115.3
2026-03-13,CCJ,107.92
2026-03-16,CCJ,110.31
2026-03-17,CCJ,111.52
2026-03-18,CCJ,109.4
2026-03-19,CCJ,106.6
2026-03-20,CCJ,101.55
2026-03-23,CCJ,105.57
2026-03-24,CCJ,108.04
2026-03-25,CCJ,109.02
2026-03-26,CCJ,104.67
2026-03-27,CCJ,103.92
2026-03-30,CCJ,102.84
2026-03-31,CCJ,108.61
2026-04-01,CCJ,111.13
2026-04-02,CCJ,112.57
2026-04-06,CCJ,110.48
2026-04-07,CCJ,110.23
2026-04-08,CCJ,115.9
2026-04-09,CCJ,115.54
2026-04-10,CCJ,116.04
2026-04-13,CCJ,116.7
2026-04-14,CCJ,116.06
2026-04-15,CCJ,119.11
2026-04-16,CCJ,120.27
2026-04-17,CCJ,120.66
2026-04-20,CCJ,123.62
2026-04-21,CCJ,116.61
2026-04-22,CCJ,126.47
2026-04-23,CCJ,123.85
2026-04-24,CCJ,122.15
2026-04-27,CCJ,123.11
2026-04-28,CCJ,116.31
2026-04-29,CCJ,114.29
2026-04-30,CCJ,123.04
2026-05-01,CCJ,120.6
2026-05-04,CCJ,118.26
2026-05-05,CCJ,114.46
2026-05-06,CCJ,123.76
2026-05-07,CCJ,118.71
2026-05-08,CCJ,116.75
2026-05-11,CCJ,120.14
2026-05-12,CCJ,116.93
2026-05-13,CCJ,115.39
2026-05-14,CCJ,112.51
2026-05-15,CCJ,107.51
2026-05-18,CCJ,105.14
2026-05-19,CCJ,103.52
2026-05-20,CCJ,104.02
2026-05-21,CCJ,105.33
2026-05-22,CCJ,104.75
2026-05-26,CCJ,108.17
2026-05-27,CCJ,107.44
2026-05-28,CCJ,110.63
2026-05-29,CCJ,112.7
2026-06-01,CCJ,112.59
2026-06-02,CCJ,120.51
2026-06-03,CCJ,114.56
2026-06-04,CCJ,114.02
2026-06-05,CCJ,103.44
2026-06-08,CCJ,105.44
2026-06-09,CCJ,102.27
2026-06-10,CCJ,95.03
2026-06-11,CCJ,98.97
2026-06-12,CCJ,100.96
2026-06-15,CCJ,107.02
2026-06-16,CCJ,107.88
2026-06-17,CCJ,105.67
2026-06-18,CCJ,106.49
2026-06-22,CCJ,107.07
2026-06-23,CCJ,108.89
2026-06-24,CCJ,106.64
2026-06-25,CCJ,103.58
2026-06-26,CCJ,104.49
2026-06-29,CCJ,103.47
2026-06-30,CCJ,101.86
2026-07-01,CCJ,97.39
2026-07-02,CCJ,96.54
2026-07-06,CCJ,97.5
2026-07-07,CCJ,94.67
2026-07-08,CCJ,94.73
2026-07-09,CCJ,95.74
2026-07-10,CCJ,95.99
2026-07-13,CCJ,90.2
2026-07-14,CCJ,91.57
2026-07-15,CCJ,90.98
2026-07-16,CCJ,87.36
2026-07-17,CCJ,85.62
2026-07-20,CCJ,84.85
2026-07-21,CCJ,88.68
2026-01-22,VST,160.36
2026-01-23,VST,160.12
2026-01-26,VST,158.81
2026-01-27,VST,164.26
2026-01-28,VST,165.64
2026-01-29,VST,162.58
2026-01-30,VST,158.35
2026-02-02,VST,154.26
2026-02-03,VST,153.0
2026-02-04,VST,142.52
2026-02-05,VST,143.07
2026-02-06,VST,149.65
2026-02-09,VST,152.97
2026-02-10,VST,159.6
2026-02-11,VST,160.15
2026-02-12,VST,163.1
2026-02-13,VST,171.49
2026-02-17,VST,173.68
2026-02-18,VST,170.57
2026-02-19,VST,172.5
2026-02-20,VST,171.4
2026-02-23,VST,167.8
2026-02-24,VST,171.62
2026-02-25,VST,175.36
2026-02-26,VST,176.82
2026-02-27,VST,173.89
2026-03-02,VST,165.99
2026-03-03,VST,161.7
2026-03-04,VST,163.36
2026-03-05,VST,167.4
2026-03-06,VST,158.65
2026-03-09,VST,163.62
2026-03-10,VST,164.4
2026-03-11,VST,159.16
2026-03-12,VST,159.58
2026-03-13,VST,158.95
2026-03-16,VST,161.99
2026-03-17,VST,164.33
2026-03-18,VST,170.12
2026-03-19,VST,167.37
2026-03-20,VST,146.02
2026-03-23,VST,151.29
2026-03-24,VST,152.72
2026-03-25,VST,151.51
2026-03-26,VST,152.3
2026-03-27,VST,155.48
2026-03-30,VST,147.54
2026-03-31,VST,150.33
2026-04-01,VST,153.96
2026-04-02,VST,151.18
2026-04-06,VST,151.59
2026-04-07,VST,153.68
2026-04-08,VST,155.89
2026-04-09,VST,152.75
2026-04-10,VST,154.73
2026-04-13,VST,158.2
2026-04-14,VST,163.97
2026-04-15,VST,162.94
2026-04-16,VST,165.53
2026-04-17,VST,163.46
2026-04-20,VST,159.6
2026-04-21,VST,154.91
2026-04-22,VST,155.79
2026-04-23,VST,156.85
2026-04-24,VST,164.35
2026-04-27,VST,166.58
2026-04-28,VST,161.12
2026-04-29,VST,153.79
2026-04-30,VST,157.84
2026-05-01,VST,155.28
2026-05-04,VST,160.85
2026-05-05,VST,160.38
2026-05-06,VST,158.29
2026-05-07,VST,153.95
2026-05-08,VST,147.72
2026-05-11,VST,152.05
2026-05-12,VST,146.87
2026-05-13,VST,142.61
2026-05-14,VST,141.9
2026-05-15,VST,139.68
2026-05-18,VST,136.75
2026-05-19,VST,134.71
2026-05-20,VST,144.0
2026-05-21,VST,149.08
2026-05-22,VST,156.27
2026-05-26,VST,164.56
2026-05-27,VST,160.15
2026-05-28,VST,160.28
2026-05-29,VST,160.23
2026-06-01,VST,154.76
2026-06-02,VST,157.97
2026-06-03,VST,153.8
2026-06-04,VST,153.7
2026-06-05,VST,148.76
2026-06-08,VST,146.9
2026-06-09,VST,146.22
2026-06-10,VST,138.54
2026-06-11,VST,146.38
2026-06-12,VST,148.02
2026-06-15,VST,153.52
2026-06-16,VST,158.61
2026-06-17,VST,158.83
2026-06-18,VST,163.75
2026-06-22,VST,167.26
2026-06-23,VST,162.39
2026-06-24,VST,162.87
2026-06-25,VST,167.77
2026-06-26,VST,163.49
2026-06-29,VST,162.38
2026-06-30,VST,158.63
2026-07-01,VST,153.16
2026-07-02,VST,151.05
2026-07-06,VST,157.22
2026-07-07,VST,155.73
2026-07-08,VST,154.82
2026-07-09,VST,157.98
2026-07-10,VST,158.86
2026-07-13,VST,158.12
2026-07-14,VST,158.43
2026-07-15,VST,160.23
2026-07-16,VST,152.56
2026-07-17,VST,155.44
2026-07-20,VST,157.99
2026-07-21,VST,162.33
2026-01-22,CEG,287.35
2026-01-23,CEG,289.06
2026-01-26,CEG,285.27
2026-01-27,CEG,288.76
2026-01-28,CEG,287.95
2026-01-29,CEG,287.45
2026-01-30,CEG,280.68
2026-02-02,CEG,270.88
2026-02-03,CEG,268.45
2026-02-04,CEG,250.46
2026-02-05,CEG,247.06
2026-02-06,CEG,261.42
2026-02-09,CEG,272.15
2026-02-10,CEG,271.14
2026-02-11,CEG,276.85
2026-02-12,CEG,276.12
2026-02-13,CEG,288.43
2026-02-17,CEG,303.01
2026-02-18,CEG,294.05
2026-02-19,CEG,291.66
2026-02-20,CEG,294.84
2026-02-23,CEG,293.8
2026-02-24,CEG,312.64
2026-02-25,CEG,325.84
2026-02-26,CEG,323.56
2026-02-27,CEG,329.88
2026-03-02,CEG,327.16
2026-03-03,CEG,324.87
2026-03-04,CEG,322.85
2026-03-05,CEG,332.07
2026-03-06,CEG,319.06
2026-03-09,CEG,322.99
2026-03-10,CEG,317.09
2026-03-11,CEG,300.69
2026-03-12,CEG,301.55
2026-03-13,CEG,301.77
2026-03-16,CEG,305.58
2026-03-17,CEG,307.69
2026-03-18,CEG,317.22
2026-03-19,CEG,316.47
2026-03-20,CEG,281.99
2026-03-23,CEG,289.76
2026-03-24,CEG,294.85
2026-03-25,CEG,303.32
2026-03-26,CEG,295.19
2026-03-27,CEG,301.49
2026-03-30,CEG,298.61
2026-03-31,CEG,279.25
2026-04-01,CEG,279.46
2026-04-02,CEG,272.82
2026-04-06,CEG,275.16
2026-04-07,CEG,272.58
2026-04-08,CEG,284.27
2026-04-09,CEG,280.25
2026-04-10,CEG,286.5
2026-04-13,CEG,291.72
2026-04-14,CEG,296.61
2026-04-15,CEG,294.73
2026-04-16,CEG,299.14
2026-04-17,CEG,296.21
2026-04-20,CEG,287.56
2026-04-21,CEG,277.7
2026-04-22,CEG,287.16
2026-04-23,CEG,292.77
2026-04-24,CEG,313.53
2026-04-27,CEG,315.17
2026-04-28,CEG,305.71
2026-04-29,CEG,297.0
2026-04-30,CEG,313.0
2026-05-01,CEG,307.81
2026-05-04,CEG,321.05
2026-05-05,CEG,320.42
2026-05-06,CEG,322.78
2026-05-07,CEG,311.28
2026-05-08,CEG,303.63
2026-05-11,CEG,299.69
2026-05-12,CEG,293.6
2026-05-13,CEG,274.89
2026-05-14,CEG,275.26
2026-05-15,CEG,267.2
2026-05-18,CEG,262.0
2026-05-19,CEG,260.67
2026-05-20,CEG,281.26
2026-05-21,CEG,285.83
2026-05-22,CEG,294.07
2026-05-26,CEG,301.57
2026-05-27,CEG,288.68
2026-05-28,CEG,286.31
2026-05-29,CEG,287.75
2026-06-01,CEG,265.7
2026-06-02,CEG,272.65
2026-06-03,CEG,267.24
2026-06-04,CEG,264.59
2026-06-05,CEG,254.83
2026-06-08,CEG,250.67
2026-06-09,CEG,251.65
2026-06-10,CEG,242.3
2026-06-11,CEG,246.71
2026-06-12,CEG,253.76
2026-06-15,CEG,262.35
2026-06-16,CEG,268.0
2026-06-17,CEG,267.17
2026-06-18,CEG,274.06
2026-06-22,CEG,275.53
2026-06-23,CEG,270.26
2026-06-24,CEG,267.97
2026-06-25,CEG,268.69
2026-06-26,CEG,264.02
2026-06-29,CEG,259.32
2026-06-30,CEG,248.37
2026-07-01,CEG,236.5
2026-07-02,CEG,239.25
2026-07-06,CEG,245.87
2026-07-07,CEG,239.71
2026-07-08,CEG,244.52
2026-07-09,CEG,250.74
2026-07-10,CEG,251.38
2026-07-13,CEG,257.57
2026-07-14,CEG,256.43
2026-07-15,CEG,258.115
2026-07-16,CEG,251.77
2026-07-17,CEG,252.39
2026-07-20,CEG,253.5
2026-07-21,CEG,262.22
2026-01-22,NRG,151.09
2026-01-23,NRG,149.3
2026-01-26,NRG,149.93
2026-01-27,NRG,156.04
2026-01-28,NRG,155.11
2026-01-29,NRG,153.72
2026-01-30,NRG,152.63
2026-02-02,NRG,149.11
2026-02-03,NRG,152.18
2026-02-04,NRG,143.99
2026-02-05,NRG,144.44
2026-02-06,NRG,153.32
2026-02-09,NRG,155.72
2026-02-10,NRG,156.43
2026-02-11,NRG,160.63
2026-02-12,NRG,161.8
2026-02-13,NRG,172.35
2026-02-17,NRG,173.45
2026-02-18,NRG,171.06
2026-02-19,NRG,175.01
2026-02-20,NRG,179.18
2026-02-23,NRG,176.52
2026-02-24,NRG,184.03
2026-02-25,NRG,183.59
2026-02-26,NRG,181.34
2026-02-27,NRG,178.96
2026-03-02,NRG,175.58
2026-03-03,NRG,162.06
2026-03-04,NRG,163.54
2026-03-05,NRG,160.46
2026-03-06,NRG,154.32
2026-03-09,NRG,155.42
2026-03-10,NRG,155.15
2026-03-11,NRG,148.63
2026-03-12,NRG,152.1
2026-03-13,NRG,152.87
2026-03-16,NRG,152.48
2026-03-17,NRG,154.75
2026-03-18,NRG,159.11
2026-03-19,NRG,161.4
2026-03-20,NRG,145.8
2026-03-23,NRG,151.77
2026-03-24,NRG,151.13
2026-03-25,NRG,151.04
2026-03-26,NRG,146.14
2026-03-27,NRG,147.74
2026-03-30,NRG,141.23
2026-03-31,NRG,146.14
2026-04-01,NRG,149.9
2026-04-02,NRG,152.69
2026-04-06,NRG,149.8
2026-04-07,NRG,153.06
2026-04-08,NRG,160.3
2026-04-09,NRG,161.78
2026-04-10,NRG,164.07
2026-04-13,NRG,170.24
2026-04-14,NRG,170.96
2026-04-15,NRG,168.45
2026-04-16,NRG,168.5
2026-04-17,NRG,167.73
2026-04-20,NRG,157.18
2026-04-21,NRG,149.86
2026-04-22,NRG,149.6
2026-04-23,NRG,154.53
2026-04-24,NRG,159.81
2026-04-27,NRG,160.15
2026-04-28,NRG,154.81
2026-04-29,NRG,149.01
2026-04-30,NRG,155.58
2026-05-01,NRG,153.37
2026-05-04,NRG,154.82
2026-05-05,NRG,157.43
2026-05-06,NRG,150.64
2026-05-07,NRG,141.86
2026-05-08,NRG,138.11
2026-05-11,NRG,137.3
2026-05-12,NRG,137.34
2026-05-13,NRG,131.08
2026-05-14,NRG,134.72
2026-05-15,NRG,127.81
2026-05-18,NRG,125.5
2026-05-19,NRG,123.71
2026-05-20,NRG,133.98
2026-05-21,NRG,136.92
2026-05-22,NRG,137.65
2026-05-26,NRG,140.43
2026-05-27,NRG,138.0
2026-05-28,NRG,137.5
2026-05-29,NRG,134.08
2026-06-01,NRG,129.47
2026-06-02,NRG,133.51
2026-06-03,NRG,133.76
2026-06-04,NRG,133.39
2026-06-05,NRG,129.2
2026-06-08,NRG,127.71
2026-06-09,NRG,129.96
2026-06-10,NRG,120.65
2026-06-11,NRG,123.7
2026-06-12,NRG,125.47
2026-06-15,NRG,130.4
2026-06-16,NRG,132.1
2026-06-17,NRG,132.13
2026-06-18,NRG,135.06
2026-06-22,NRG,138.91
2026-06-23,NRG,137.66
2026-06-24,NRG,142.21
2026-06-25,NRG,147.11
2026-06-26,NRG,149.36
2026-06-29,NRG,149.11
2026-06-30,NRG,146.06
2026-07-01,NRG,140.8
2026-07-02,NRG,136.7
2026-07-06,NRG,141.01
2026-07-07,NRG,138.01
2026-07-08,NRG,137.48
2026-07-09,NRG,140.48
2026-07-10,NRG,140.42
2026-07-13,NRG,139.48
2026-07-14,NRG,138.36
2026-07-15,NRG,137.9
2026-07-16,NRG,132.75
2026-07-17,NRG,129.11
2026-07-20,NRG,130.58
2026-07-21,NRG,131.6
2026-01-22,XLU,42.71
2026-01-23,XLU,42.56
2026-01-26,XLU,42.87
2026-01-27,XLU,43.43
2026-01-28,XLU,43.33
2026-01-29,XLU,43.33
2026-01-30,XLU,43.25
2026-02-02,XLU,42.62
2026-02-03,XLU,43.24
2026-02-04,XLU,43.08
2026-02-05,XLU,43.1
2026-02-06,XLU,43.35
2026-02-09,XLU,43.48
2026-02-10,XLU,44.2
2026-02-11,XLU,44.59
2026-02-12,XLU,45.25
2026-02-13,XLU,46.5
2026-02-17,XLU,46.38
2026-02-18,XLU,45.61
2026-02-19,XLU,46.11
2026-02-20,XLU,46.33
2026-02-23,XLU,46.68
2026-02-24,XLU,47.2
2026-02-25,XLU,47.36
2026-02-26,XLU,47.18
2026-02-27,XLU,47.73
2026-03-02,XLU,47.37
2026-03-03,XLU,47.07
2026-03-04,XLU,47.27
2026-03-05,XLU,46.9
2026-03-06,XLU,46.74
2026-03-09,XLU,46.85
2026-03-10,XLU,46.56
2026-03-11,XLU,46.17
2026-03-12,XLU,46.5
2026-03-13,XLU,46.96
2026-03-16,XLU,47.26
2026-03-17,XLU,47.13
2026-03-18,XLU,46.73
2026-03-19,XLU,46.54
2026-03-20,XLU,44.65
2026-03-23,XLU,44.78
2026-03-24,XLU,45.09
2026-03-25,XLU,45.25
2026-03-26,XLU,45.33
2026-03-27,XLU,45.59
2026-03-30,XLU,45.92
2026-03-31,XLU,45.89
2026-04-01,XLU,46.11
2026-04-02,XLU,46.34
2026-04-06,XLU,46.17
2026-04-07,XLU,46.27
2026-04-08,XLU,46.78
2026-04-09,XLU,47.15
2026-04-10,XLU,46.96
2026-04-13,XLU,46.39
2026-04-14,XLU,46.47
2026-04-15,XLU,46.02
2026-04-16,XLU,46.35
2026-04-17,XLU,46.16
2026-04-20,XLU,45.75
2026-04-21,XLU,44.95
2026-04-22,XLU,44.87
2026-04-23,XLU,46.09
2026-04-24,XLU,46.18
2026-04-27,XLU,46.19
2026-04-28,XLU,46.25
2026-04-29,XLU,45.68
2026-04-30,XLU,46.85
2026-05-01,XLU,46.55
2026-05-04,XLU,46.37
2026-05-05,XLU,46.37
2026-05-06,XLU,45.71
2026-05-07,XLU,45.12
2026-05-08,XLU,44.72
2026-05-11,XLU,45.14
2026-05-12,XLU,45.19
2026-05-13,XLU,44.67
2026-05-14,XLU,44.9
2026-05-15,XLU,43.87
2026-05-18,XLU,43.94
2026-05-19,XLU,44.34
2026-05-20,XLU,44.51
2026-05-21,XLU,45.0
2026-05-22,XLU,45.35
2026-05-26,XLU,45.33
2026-05-27,XLU,45.14
2026-05-28,XLU,44.63
2026-05-29,XLU,44.42
2026-06-01,XLU,43.1
2026-06-02,XLU,43.9
2026-06-03,XLU,43.71
2026-06-04,XLU,43.94
2026-06-05,XLU,44.35
2026-06-08,XLU,43.52
2026-06-09,XLU,43.98
2026-06-10,XLU,44.0
2026-06-11,XLU,44.05
2026-06-12,XLU,44.53
2026-06-15,XLU,44.74
2026-06-16,XLU,45.06
2026-06-17,XLU,44.46
2026-06-18,XLU,44.76
2026-06-22,XLU,44.72
2026-06-23,XLU,45.07
2026-06-24,XLU,45.54
2026-06-25,XLU,45.85
2026-06-26,XLU,46.2
2026-06-29,XLU,46.02
2026-06-30,XLU,45.34
2026-07-01,XLU,44.77
2026-07-02,XLU,45.76
2026-07-06,XLU,45.3
2026-07-07,XLU,45.7
2026-07-08,XLU,45.36
2026-07-09,XLU,45.13
2026-07-10,XLU,45.41
2026-07-13,XLU,45.72
2026-07-14,XLU,45.69
2026-07-15,XLU,45.22
2026-07-16,XLU,45.47
2026-07-17,XLU,45.17
2026-07-20,XLU,44.94
2026-07-21,XLU,44.92
2026-01-22,XLF,53.81
2026-01-23,XLF,53.07
2026-01-26,XLF,53.41
2026-01-27,XLF,53.0
2026-01-28,XLF,52.99
2026-01-29,XLF,53.55
2026-01-30,XLF,53.44
2026-02-02,XLF,54.03
2026-02-03,XLF,53.53
2026-02-04,XLF,53.96
2026-02-05,XLF,53.29
2026-02-06,XLF,54.26
2026-02-09,XLF,53.94
2026-02-10,XLF,53.55
2026-02-11,XLF,52.74
2026-02-12,XLF,51.69
2026-02-13,XLF,51.65
2026-02-17,XLF,52.2
2026-02-18,XLF,52.59
2026-02-19,XLF,52.15
2026-02-20,XLF,52.49
2026-02-23,XLF,50.73
2026-02-24,XLF,50.98
2026-02-25,XLF,51.87
2026-02-26,XLF,52.5
2026-02-27,XLF,51.43
2026-03-02,XLF,51.3
2026-03-03,XLF,51.21
2026-03-04,XLF,51.5
2026-03-05,XLF,51.23
2026-03-06,XLF,50.57
2026-03-09,XLF,50.33
2026-03-10,XLF,50.06
2026-03-11,XLF,49.64
2026-03-12,XLF,48.83
2026-03-13,XLF,48.89
2026-03-16,XLF,49.3
2026-03-17,XLF,49.56
2026-03-18,XLF,48.97
2026-03-19,XLF,48.99
2026-03-20,XLF,49.08
2026-03-23,XLF,49.27
2026-03-24,XLF,49.28
2026-03-25,XLF,49.34
2026-03-26,XLF,49.05
2026-03-27,XLF,47.81
2026-03-30,XLF,48.36
2026-03-31,XLF,49.37
2026-04-01,XLF,49.44
2026-04-02,XLF,49.53
2026-04-06,XLF,49.88
2026-04-07,XLF,49.88
2026-04-08,XLF,51.2
2026-04-09,XLF,51.33
2026-04-10,XLF,50.77
2026-04-13,XLF,51.66
2026-04-14,XLF,51.78
2026-04-15,XLF,52.17
2026-04-16,XLF,52.03
2026-04-17,XLF,52.43
2026-04-20,XLF,52.63
2026-04-21,XLF,52.3
2026-04-22,XLF,52.21
2026-04-23,XLF,51.8
2026-04-24,XLF,51.42
2026-04-27,XLF,51.81
2026-04-28,XLF,51.85
2026-04-29,XLF,51.92
2026-04-30,XLF,52.13
2026-05-01,XLF,51.92
2026-05-04,XLF,51.58
2026-05-05,XLF,51.59
2026-05-06,XLF,51.84
2026-05-07,XLF,51.55
2026-05-08,XLF,51.24
2026-05-11,XLF,51.18
2026-05-12,XLF,51.58
2026-05-13,XLF,50.99
2026-05-14,XLF,51.29
2026-05-15,XLF,51.1
2026-05-18,XLF,51.74
2026-05-19,XLF,51.1
2026-05-20,XLF,51.66
2026-05-21,XLF,51.73
2026-05-22,XLF,51.94
2026-05-26,XLF,51.85
2026-05-27,XLF,51.42
2026-05-28,XLF,51.27
2026-05-29,XLF,51.58
2026-06-01,XLF,51.43
2026-06-02,XLF,51.46
2026-06-03,XLF,50.87
2026-06-04,XLF,52.19
2026-06-05,XLF,52.3
2026-06-08,XLF,51.97
2026-06-09,XLF,52.46
2026-06-10,XLF,52.23
2026-06-11,XLF,52.62
2026-06-12,XLF,53.34
2026-06-15,XLF,53.56
2026-06-16,XLF,54.35
2026-06-17,XLF,54.05
2026-06-18,XLF,53.57
2026-06-22,XLF,53.7
2026-06-23,XLF,53.88
2026-06-24,XLF,53.72
2026-06-25,XLF,53.45
2026-06-26,XLF,53.57
2026-06-29,XLF,53.72
2026-06-30,XLF,53.61
2026-07-01,XLF,54.78
2026-07-02,XLF,55.62
2026-07-06,XLF,56.14
2026-07-07,XLF,56.05
2026-07-08,XLF,54.97
2026-07-09,XLF,55.54
2026-07-10,XLF,55.71
2026-07-13,XLF,56.07
2026-07-14,XLF,56.18
2026-07-15,XLF,56.56
2026-07-16,XLF,56.75
2026-07-17,XLF,56.26
2026-07-20,XLF,56.04
2026-07-21,XLF,56.11
2026-01-22,XLV,158.29
2026-01-23,XLV,157.48
2026-01-26,XLV,158.1
2026-01-27,XLV,155.45
2026-01-28,XLV,154.31
2026-01-29,XLV,153.82
2026-01-30,XLV,154.74
2026-02-02,XLV,155.69
2026-02-03,XLV,154.1
2026-02-04,XLV,156.03
2026-02-05,XLV,154.84
2026-02-06,XLV,157.71
2026-02-09,XLV,156.32
2026-02-10,XLV,155.33
2026-02-11,XLV,156.25
2026-02-12,XLV,156.0
2026-02-13,XLV,157.67
2026-02-17,XLV,157.37
2026-02-18,XLV,157.67
2026-02-19,XLV,157.26
2026-02-20,XLV,156.82
2026-02-23,XLV,158.54
2026-02-24,XLV,157.87
2026-02-25,XLV,157.83
2026-02-26,XLV,157.42
2026-02-27,XLV,160.2
2026-03-02,XLV,158.53
2026-03-03,XLV,156.74
2026-03-04,XLV,157.05
2026-03-05,XLV,153.91
2026-03-06,XLV,152.7
2026-03-09,XLV,154.26
2026-03-10,XLV,153.15
2026-03-11,XLV,152.85
2026-03-12,XLV,150.16
2026-03-13,XLV,149.79
2026-03-16,XLV,151.01
2026-03-17,XLV,149.64
2026-03-18,XLV,147.14
2026-03-19,XLV,146.61
2026-03-20,XLV,145.33
2026-03-23,XLV,144.77
2026-03-24,XLV,144.79
2026-03-25,XLV,146.24
2026-03-26,XLV,145.74
2026-03-27,XLV,143.26
2026-03-30,XLV,143.82
2026-03-31,XLV,146.61
2026-04-01,XLV,147.73
2026-04-02,XLV,146.81
2026-04-06,XLV,146.28
2026-04-07,XLV,146.57
2026-04-08,XLV,149.67
2026-04-09,XLV,149.33
2026-04-10,XLV,147.31
2026-04-13,XLV,147.97
2026-04-14,XLV,148.83
2026-04-15,XLV,147.77
2026-04-16,XLV,146.61
2026-04-17,XLV,148.8
2026-04-20,XLV,147.42
2026-04-21,XLV,145.92
2026-04-22,XLV,146.38
2026-04-23,XLV,146.24
2026-04-24,XLV,144.18
2026-04-27,XLV,143.46
2026-04-28,XLV,143.84
2026-04-29,XLV,142.84
2026-04-30,XLV,145.99
2026-05-01,XLV,145.16
2026-05-04,XLV,144.73
2026-05-05,XLV,145.3
2026-05-06,XLV,145.4
2026-05-07,XLV,144.72
2026-05-08,XLV,143.49
2026-05-11,XLV,143.04
2026-05-12,XLV,145.85
2026-05-13,XLV,146.71
2026-05-14,XLV,146.63
2026-05-15,XLV,145.1
2026-05-18,XLV,145.72
2026-05-19,XLV,147.32
2026-05-20,XLV,147.13
2026-05-21,XLV,148.15
2026-05-22,XLV,149.89
2026-05-26,XLV,148.51
2026-05-27,XLV,148.79
2026-05-28,XLV,150.88
2026-05-29,XLV,149.47
2026-06-01,XLV,147.84
2026-06-02,XLV,146.4
2026-06-03,XLV,147.55
2026-06-04,XLV,152.08
2026-06-05,XLV,153.01
2026-06-08,XLV,152.65
2026-06-09,XLV,154.57
2026-06-10,XLV,152.85
2026-06-11,XLV,154.09
2026-06-12,XLV,153.81
2026-06-15,XLV,152.89
2026-06-16,XLV,152.94
2026-06-17,XLV,150.71
2026-06-18,XLV,149.4
2026-06-22,XLV,150.06
2026-06-23,XLV,152.18
2026-06-24,XLV,153.35
2026-06-25,XLV,155.63
2026-06-26,XLV,160.34
2026-06-29,XLV,160.74
2026-06-30,XLV,158.66
2026-07-01,XLV,159.54
2026-07-02,XLV,163.74
2026-07-06,XLV,161.96
2026-07-07,XLV,164.44
2026-07-08,XLV,162.3
2026-07-09,XLV,162.17
2026-07-10,XLV,160.84
2026-07-13,XLV,161.41
2026-07-14,XLV,158.29
2026-07-15,XLV,158.29
2026-07-16,XLV,161.8
2026-07-17,XLV,161.09
2026-07-20,XLV,159.25
2026-07-21,XLV,160.25
2026-01-22,XLI,165.5
2026-01-23,XLI,164.22
2026-01-26,XLI,164.38
2026-01-27,XLI,165.06
2026-01-28,XLI,164.14
2026-01-29,XLI,165.86
2026-01-30,XLI,165.44
2026-02-02,XLI,167.53
2026-02-03,XLI,168.94
2026-02-04,XLI,169.39
2026-02-05,XLI,168.37
2026-02-06,XLI,173.18
2026-02-09,XLI,173.7
2026-02-10,XLI,173.91
2026-02-11,XLI,174.84
2026-02-12,XLI,172.75
2026-02-13,XLI,174.17
2026-02-17,XLI,175.08
2026-02-18,XLI,175.04
2026-02-19,XLI,176.34
2026-02-20,XLI,177.23
2026-02-23,XLI,174.83
2026-02-24,XLI,176.98
2026-02-25,XLI,175.6
2026-02-26,XLI,176.7
2026-02-27,XLI,177.14
2026-03-02,XLI,178.9
2026-03-03,XLI,175.44
2026-03-04,XLI,175.97
2026-03-05,XLI,172.06
2026-03-06,XLI,169.94
2026-03-09,XLI,170.94
2026-03-10,XLI,170.02
2026-03-11,XLI,169.49
2026-03-12,XLI,165.24
2026-03-13,XLI,164.65
2026-03-16,XLI,166.06
2026-03-17,XLI,166.5
2026-03-18,XLI,165.18
2026-03-19,XLI,164.06
2026-03-20,XLI,161.67
2026-03-23,XLI,163.05
2026-03-24,XLI,164.0
2026-03-25,XLI,165.1
2026-03-26,XLI,161.27
2026-03-27,XLI,159.2
2026-03-30,XLI,156.61
2026-03-31,XLI,161.73
2026-04-01,XLI,164.43
2026-04-02,XLI,163.77
2026-04-06,XLI,164.61
2026-04-07,XLI,164.28
2026-04-08,XLI,170.44
2026-04-09,XLI,172.19
2026-04-10,XLI,171.52
2026-04-13,XLI,172.73
2026-04-14,XLI,173.35
2026-04-15,XLI,171.18
2026-04-16,XLI,170.33
2026-04-17,XLI,173.51
2026-04-20,XLI,173.9
2026-04-21,XLI,171.44
2026-04-22,XLI,171.04
2026-04-23,XLI,174.07
2026-04-24,XLI,172.47
2026-04-27,XLI,172.51
2026-04-28,XLI,170.98
2026-04-29,XLI,169.93
2026-04-30,XLI,174.58
2026-05-01,XLI,172.96
2026-05-04,XLI,170.98
2026-05-05,XLI,172.41
2026-05-06,XLI,176.87
2026-05-07,XLI,174.0
2026-05-08,XLI,173.2
2026-05-11,XLI,175.04
2026-05-12,XLI,174.35
2026-05-13,XLI,173.62
2026-05-14,XLI,174.51
2026-05-15,XLI,171.4
2026-05-18,XLI,170.75
2026-05-19,XLI,168.74
2026-05-20,XLI,170.73
2026-05-21,XLI,170.53
2026-05-22,XLI,171.77
2026-05-26,XLI,174.3
2026-05-27,XLI,174.3
2026-05-28,XLI,173.8
2026-05-29,XLI,173.13
2026-06-01,XLI,172.4
2026-06-02,XLI,174.19
2026-06-03,XLI,174.05
2026-06-04,XLI,176.16
2026-06-05,XLI,174.18
2026-06-08,XLI,173.63
2026-06-09,XLI,175.6
2026-06-10,XLI,169.66
2026-06-11,XLI,175.15
2026-06-12,XLI,176.18
2026-06-15,XLI,178.68
2026-06-16,XLI,179.85
2026-06-17,XLI,179.6
2026-06-18,XLI,180.91
2026-06-22,XLI,181.8
2026-06-23,XLI,178.15
2026-06-24,XLI,180.21
2026-06-25,XLI,184.12
2026-06-26,XLI,181.2
2026-06-29,XLI,182.76
2026-06-30,XLI,185.23
2026-07-01,XLI,183.36
2026-07-02,XLI,183.91
2026-07-06,XLI,185.56
2026-07-07,XLI,182.38
2026-07-08,XLI,180.42
2026-07-09,XLI,181.11
2026-07-10,XLI,181.92
2026-07-13,XLI,180.37
2026-07-14,XLI,180.45
2026-07-15,XLI,180.06
2026-07-16,XLI,180.15
2026-07-17,XLI,179.41
2026-07-20,XLI,178.12
2026-07-21,XLI,178.66
2026-01-22,XLP,82.27
2026-01-23,XLP,82.91
2026-01-26,XLP,82.78
2026-01-27,XLP,83.16
2026-01-28,XLP,82.32
2026-01-29,XLP,82.13
2026-01-30,XLP,83.51
2026-02-02,XLP,84.5
2026-02-03,XLP,85.87
2026-02-04,XLP,86.99
2026-02-05,XLP,86.92
2026-02-06,XLP,87.94
2026-02-09,XLP,87.43
2026-02-10,XLP,87.15
2026-02-11,XLP,88.4
2026-02-12,XLP,89.21
2026-02-13,XLP,89.51
2026-02-17,XLP,88.2
2026-02-18,XLP,88.04
2026-02-19,XLP,87.67
2026-02-20,XLP,87.89
2026-02-23,XLP,88.97
2026-02-24,XLP,89.74
2026-02-25,XLP,89.01
2026-02-26,XLP,88.86
2026-02-27,XLP,90.01
2026-03-02,XLP,88.71
2026-03-03,XLP,87.74
2026-03-04,XLP,87.16
2026-03-05,XLP,85.41
2026-03-06,XLP,85.78
2026-03-09,XLP,85.97
2026-03-10,XLP,85.72
2026-03-11,XLP,84.59
2026-03-12,XLP,84.25
2026-03-13,XLP,84.74
2026-03-16,XLP,84.98
2026-03-17,XLP,84.7
2026-03-18,XLP,82.64
2026-03-19,XLP,81.97
2026-03-20,XLP,81.29
2026-03-23,XLP,81.18
2026-03-24,XLP,81.11
2026-03-25,XLP,81.51
2026-03-26,XLP,81.14
2026-03-27,XLP,81.78
2026-03-30,XLP,81.88
2026-03-31,XLP,81.98
2026-04-01,XLP,81.46
2026-04-02,XLP,81.89
2026-04-06,XLP,82.66
2026-04-07,XLP,81.26
2026-04-08,XLP,82.78
2026-04-09,XLP,83.45
2026-04-10,XLP,82.37
2026-04-13,XLP,81.55
2026-04-14,XLP,81.47
2026-04-15,XLP,81.06
2026-04-16,XLP,81.43
2026-04-17,XLP,82.46
2026-04-20,XLP,82.39
2026-04-21,XLP,81.84
2026-04-22,XLP,82.11
2026-04-23,XLP,83.48
2026-04-24,XLP,83.23
2026-04-27,XLP,82.34
2026-04-28,XLP,83.08
2026-04-29,XLP,82.92
2026-04-30,XLP,84.31
2026-05-01,XLP,84.17
2026-05-04,XLP,83.54
2026-05-05,XLP,84.06
2026-05-06,XLP,84.24
2026-05-07,XLP,83.98
2026-05-08,XLP,84.18
2026-05-11,XLP,83.37
2026-05-12,XLP,84.44
2026-05-13,XLP,84.72
2026-05-14,XLP,84.98
2026-05-15,XLP,84.64
2026-05-18,XLP,85.9
2026-05-19,XLP,86.09
2026-05-20,XLP,85.52
2026-05-21,XLP,84.66
2026-05-22,XLP,84.8
2026-05-26,XLP,83.63
2026-05-27,XLP,84.58
2026-05-28,XLP,84.43
2026-05-29,XLP,82.91
2026-06-01,XLP,82.03
2026-06-02,XLP,81.83
2026-06-03,XLP,82.16
2026-06-04,XLP,82.04
2026-06-05,XLP,83.44
2026-06-08,XLP,83.07
2026-06-09,XLP,84.1
2026-06-10,XLP,85.49
2026-06-11,XLP,85.27
2026-06-12,XLP,85.82
2026-06-15,XLP,85.48
2026-06-16,XLP,85.59
2026-06-17,XLP,83.68
2026-06-18,XLP,83.3
2026-06-22,XLP,82.18
2026-06-23,XLP,83.72
2026-06-24,XLP,84.44
2026-06-25,XLP,83.94
2026-06-26,XLP,84.71
2026-06-29,XLP,84.37
2026-06-30,XLP,83.07
2026-07-01,XLP,83.3
2026-07-02,XLP,84.99
2026-07-06,XLP,84.1
2026-07-07,XLP,84.86
2026-07-08,XLP,84.39
2026-07-09,XLP,83.2
2026-07-10,XLP,84.12
2026-07-13,XLP,84.59
2026-07-14,XLP,83.42
2026-07-15,XLP,83.47
2026-07-16,XLP,85.81
2026-07-17,XLP,85.19
2026-07-20,XLP,84.86
2026-07-21,XLP,84.06
2026-01-22,XLY,122.62
2026-01-23,XLY,123.13
2026-01-26,XLY,122.32
2026-01-27,XLY,122.69
2026-01-28,XLY,121.77
2026-01-29,XLY,121.19
2026-01-30,XLY,121.17
2026-02-02,XLY,121.97
2026-02-03,XLY,120.99
2026-02-04,XLY,120.1
2026-02-05,XLY,117.51
2026-02-06,XLY,117.99
2026-02-09,XLY,117.55
2026-02-10,XLY,118.33
2026-02-11,XLY,117.76
2026-02-12,XLY,116.13
2026-02-13,XLY,116.18
2026-02-17,XLY,116.04
2026-02-18,XLY,117.02
2026-02-19,XLY,116.24
2026-02-20,XLY,117.45
2026-02-23,XLY,114.99
2026-02-24,XLY,116.74
2026-02-25,XLY,117.09
2026-02-26,XLY,117.05
2026-02-27,XLY,116.86
2026-03-02,XLY,115.42
2026-03-03,XLY,114.36
2026-03-04,XLY,116.39
2026-03-05,XLY,116.55
2026-03-06,XLY,114.44
2026-03-09,XLY,114.59
2026-03-10,XLY,114.44
2026-03-11,XLY,114.14
2026-03-12,XLY,111.52
2026-03-13,XLY,110.86
2026-03-16,XLY,112.2
2026-03-17,XLY,113.18
2026-03-18,XLY,110.57
2026-03-19,XLY,109.7
2026-03-20,XLY,107.74
2026-03-23,XLY,110.12
2026-03-24,XLY,109.68
2026-03-25,XLY,110.73
2026-03-26,XLY,108.83
2026-03-27,XLY,105.68
2026-03-30,XLY,105.66
2026-03-31,XLY,108.98
2026-04-01,XLY,109.8
2026-04-02,XLY,108.15
2026-04-06,XLY,109.04
2026-04-07,XLY,107.77
2026-04-08,XLY,110.82
2026-04-09,XLY,112.74
2026-04-10,XLY,112.89
2026-04-13,XLY,113.92
2026-04-14,XLY,116.44
2026-04-15,XLY,118.18
2026-04-16,XLY,117.63
2026-04-17,XLY,120.41
2026-04-20,XLY,119.87
2026-04-21,XLY,118.97
2026-04-22,XLY,118.93
2026-04-23,XLY,117.74
2026-04-24,XLY,118.69
2026-04-27,XLY,117.84
2026-04-28,XLY,117.01
2026-04-29,XLY,116.84
2026-04-30,XLY,118.35
2026-05-01,XLY,118.63
2026-05-04,XLY,117.72
2026-05-05,XLY,118.07
2026-05-06,XLY,119.87
2026-05-07,XLY,119.88
2026-05-08,XLY,120.2
2026-05-11,XLY,119.37
2026-05-12,XLY,118.29
2026-05-13,XLY,118.72
2026-05-14,XLY,118.67
2026-05-15,XLY,116.53
2026-05-18,XLY,116.32
2026-05-19,XLY,115.03
2026-05-20,XLY,117.94
2026-05-21,XLY,118.7
2026-05-22,XLY,119.18
2026-05-26,XLY,119.45
2026-05-27,XLY,121.55
2026-05-28,XLY,122.06
2026-05-29,XLY,120.87
2026-06-01,XLY,118.19
2026-06-02,XLY,117.59
2026-06-03,XLY,116.73
2026-06-04,XLY,117.26
2026-06-05,XLY,114.86
2026-06-08,XLY,115.39
2026-06-09,XLY,115.87
2026-06-10,XLY,113.49
2026-06-11,XLY,116.3
2026-06-12,XLY,116.6
2026-06-15,XLY,118.57
2026-06-16,XLY,118.46
2026-06-17,XLY,115.49
2026-06-18,XLY,117.16
2026-06-22,XLY,114.94
2026-06-23,XLY,113.76
2026-06-24,XLY,115.07
2026-06-25,XLY,113.35
2026-06-26,XLY,114.37
2026-06-29,XLY,117.12
2026-06-30,XLY,117.28
2026-07-01,XLY,118.09
2026-07-02,XLY,117.12
2026-07-06,XLY,118.01
2026-07-07,XLY,117.39
2026-07-08,XLY,115.3
2026-07-09,XLY,116.85
2026-07-10,XLY,117.24
2026-07-13,XLY,116.04
2026-07-14,XLY,115.9
2026-07-15,XLY,117.0
2026-07-16,XLY,117.34
2026-07-17,XLY,115.44
2026-07-20,XLY,114.61
2026-07-21,XLY,114.87
2026-01-22,XLB,49.52
2026-01-23,XLB,49.97
2026-01-26,XLB,50.03
2026-01-27,XLB,49.98
2026-01-28,XLB,49.95
2026-01-29,XLB,50.0
2026-01-30,XLB,49.27
2026-02-02,XLB,49.65
2026-02-03,XLB,50.7
2026-02-04,XLB,51.89
2026-02-05,XLB,50.5
2026-02-06,XLB,51.51
2026-02-09,XLB,52.18
2026-02-10,XLB,52.91
2026-02-11,XLB,53.62
2026-02-12,XLB,52.83
2026-02-13,XLB,53.31
2026-02-17,XLB,52.7
2026-02-18,XLB,53.02
2026-02-19,XLB,52.83
2026-02-20,XLB,52.96
2026-02-23,XLB,52.96
2026-02-24,XLB,53.36
2026-02-25,XLB,53.06
2026-02-26,XLB,53.0
2026-02-27,XLB,53.41
2026-03-02,XLB,53.25
2026-03-03,XLB,51.94
2026-03-04,XLB,51.92
2026-03-05,XLB,50.83
2026-03-06,XLB,49.86
2026-03-09,XLB,49.99
2026-03-10,XLB,49.88
2026-03-11,XLB,49.84
2026-03-12,XLB,49.68
2026-03-13,XLB,49.19
2026-03-16,XLB,49.4
2026-03-17,XLB,49.52
2026-03-18,XLB,48.48
2026-03-19,XLB,47.74
2026-03-20,XLB,46.98
2026-03-23,XLB,47.55
2026-03-24,XLB,48.45
2026-03-25,XLB,49.41
2026-03-26,XLB,49.09
2026-03-27,XLB,48.91
2026-03-30,XLB,49.09
2026-03-31,XLB,49.97
2026-04-01,XLB,50.46
2026-04-02,XLB,50.41
2026-04-06,XLB,50.22
2026-04-07,XLB,50.08
2026-04-08,XLB,51.75
2026-04-09,XLB,51.67
2026-04-10,XLB,51.96
2026-04-13,XLB,52.19
2026-04-14,XLB,52.01
2026-04-15,XLB,51.38
2026-04-16,XLB,51.75
2026-04-17,XLB,51.88
2026-04-20,XLB,52.23
2026-04-21,XLB,51.77
2026-04-22,XLB,51.83
2026-04-23,XLB,51.81
2026-04-24,XLB,51.92
2026-04-27,XLB,51.78
2026-04-28,XLB,51.4
2026-04-29,XLB,50.96
2026-04-30,XLB,51.47
2026-05-01,XLB,51.35
2026-05-04,XLB,50.65
2026-05-05,XLB,51.53
2026-05-06,XLB,52.41
2026-05-07,XLB,51.4
2026-05-08,XLB,51.59
2026-05-11,XLB,52.26
2026-05-12,XLB,52.14
2026-05-13,XLB,52.06
2026-05-14,XLB,51.67
2026-05-15,XLB,50.3
2026-05-18,XLB,50.22
2026-05-19,XLB,49.04
2026-05-20,XLB,49.72
2026-05-21,XLB,50.02
2026-05-22,XLB,50.29
2026-05-26,XLB,50.99
2026-05-27,XLB,51.18
2026-05-28,XLB,51.36
2026-05-29,XLB,51.15
2026-06-01,XLB,50.92
2026-06-02,XLB,51.52
2026-06-03,XLB,51.63
2026-06-04,XLB,51.62
2026-06-05,XLB,50.63
2026-06-08,XLB,49.96
2026-06-09,XLB,50.77
2026-06-10,XLB,49.6
2026-06-11,XLB,51.22
2026-06-12,XLB,52.18
2026-06-15,XLB,52.5
2026-06-16,XLB,52.72
2026-06-17,XLB,52.02
2026-06-18,XLB,51.81
2026-06-22,XLB,51.62
2026-06-23,XLB,50.87
2026-06-24,XLB,51.16
2026-06-25,XLB,51.84
2026-06-26,XLB,51.6
2026-06-29,XLB,50.66
2026-06-30,XLB,50.83
2026-07-01,XLB,51.02
2026-07-02,XLB,52.01
2026-07-06,XLB,51.98
2026-07-07,XLB,51.51
2026-07-08,XLB,50.16
2026-07-09,XLB,50.26
2026-07-10,XLB,50.89
2026-07-13,XLB,50.58
2026-07-14,XLB,50.64
2026-07-15,XLB,50.5
2026-07-16,XLB,50.89
2026-07-17,XLB,50.53
2026-07-20,XLB,50.03
2026-07-21,XLB,50.1
2026-01-22,XLRE,41.14
2026-01-23,XLRE,41.25
2026-01-26,XLRE,41.22
2026-01-27,XLRE,41.25
2026-01-28,XLRE,40.85
2026-01-29,XLRE,41.37
2026-01-30,XLRE,41.43
2026-02-02,XLRE,40.96
2026-02-03,XLRE,40.81
2026-02-04,XLRE,41.46
2026-02-05,XLRE,41.23
2026-02-06,XLRE,41.99
2026-02-09,XLRE,42.25
2026-02-10,XLRE,42.84
2026-02-11,XLRE,42.8
2026-02-12,XLRE,42.87
2026-02-13,XLRE,43.5
2026-02-17,XLRE,43.94
2026-02-18,XLRE,43.35
2026-02-19,XLRE,43.2
2026-02-20,XLRE,43.56
2026-02-23,XLRE,43.61
2026-02-24,XLRE,43.73
2026-02-25,XLRE,43.44
2026-02-26,XLRE,43.63
2026-02-27,XLRE,43.84
2026-03-02,XLRE,43.92
2026-03-03,XLRE,43.7
2026-03-04,XLRE,43.76
2026-03-05,XLRE,43.34
2026-03-06,XLRE,42.89
2026-03-09,XLRE,42.98
2026-03-10,XLRE,42.92
2026-03-11,XLRE,42.41
2026-03-12,XLRE,42.14
2026-03-13,XLRE,42.25
2026-03-16,XLRE,42.58
2026-03-17,XLRE,42.72
2026-03-18,XLRE,42.02
2026-03-19,XLRE,41.92
2026-03-20,XLRE,40.59
2026-03-23,XLRE,40.62
2026-03-24,XLRE,40.29
2026-03-25,XLRE,40.27
2026-03-26,XLRE,40.29
2026-03-27,XLRE,40.01
2026-03-30,XLRE,40.21
2026-03-31,XLRE,40.83
2026-04-01,XLRE,40.95
2026-04-02,XLRE,41.61
2026-04-06,XLRE,41.76
2026-04-07,XLRE,41.72
2026-04-08,XLRE,42.44
2026-04-09,XLRE,42.73
2026-04-10,XLRE,42.82
2026-04-13,XLRE,43.02
2026-04-14,XLRE,43.43
2026-04-15,XLRE,43.41
2026-04-16,XLRE,43.81
2026-04-17,XLRE,44.48
2026-04-20,XLRE,44.64
2026-04-21,XLRE,43.78
2026-04-22,XLRE,43.46
2026-04-23,XLRE,43.96
2026-04-24,XLRE,43.83
2026-04-27,XLRE,43.49
2026-04-28,XLRE,43.91
2026-04-29,XLRE,43.64
2026-04-30,XLRE,44.4
2026-05-01,XLRE,44.32
2026-05-04,XLRE,44.08
2026-05-05,XLRE,44.17
2026-05-06,XLRE,44.74
2026-05-07,XLRE,44.4
2026-05-08,XLRE,44.41
2026-05-11,XLRE,44.57
2026-05-12,XLRE,44.58
2026-05-13,XLRE,44.21
2026-05-14,XLRE,43.91
2026-05-15,XLRE,43.23
2026-05-18,XLRE,43.75
2026-05-19,XLRE,43.94
2026-05-20,XLRE,44.43
2026-05-21,XLRE,44.5
2026-05-22,XLRE,44.56
2026-05-26,XLRE,44.71
2026-05-27,XLRE,44.63
2026-05-28,XLRE,44.41
2026-05-29,XLRE,43.99
2026-06-01,XLRE,43.27
2026-06-02,XLRE,43.49
2026-06-03,XLRE,43.51
2026-06-04,XLRE,44.4
2026-06-05,XLRE,44.7
2026-06-08,XLRE,44.03
2026-06-09,XLRE,44.97
2026-06-10,XLRE,44.99
2026-06-11,XLRE,44.92
2026-06-12,XLRE,45.36
2026-06-15,XLRE,44.99
2026-06-16,XLRE,45.1
2026-06-17,XLRE,43.97
2026-06-18,XLRE,43.86
2026-06-22,XLRE,44.02
2026-06-23,XLRE,44.64
2026-06-24,XLRE,44.51
2026-06-25,XLRE,44.59
2026-06-26,XLRE,45.24
2026-06-29,XLRE,44.92
2026-06-30,XLRE,44.03
2026-07-01,XLRE,44.18
2026-07-02,XLRE,44.68
2026-07-06,XLRE,44.29
2026-07-07,XLRE,44.89
2026-07-08,XLRE,44.15
2026-07-09,XLRE,44.23
2026-07-10,XLRE,44.45
2026-07-13,XLRE,44.7
2026-07-14,XLRE,44.48
2026-07-15,XLRE,44.56
2026-07-16,XLRE,45.46
2026-07-17,XLRE,45.42
2026-07-20,XLRE,45.23
2026-07-21,XLRE,45.2
2026-01-22,XLC,116.25
2026-01-23,XLC,116.96
2026-01-26,XLC,117.77
2026-01-27,XLC,116.9
2026-01-28,XLC,116.75
2026-01-29,XLC,119.79
2026-01-30,XLC,120.08
2026-02-02,XLC,119.67
2026-02-03,XLC,117.74
2026-02-04,XLC,116.8
2026-02-05,XLC,116.21
2026-02-06,XLC,115.76
2026-02-09,XLC,116.88
2026-02-10,XLC,117.58
2026-02-11,XLC,116.74
2026-02-12,XLC,114.64
2026-02-13,XLC,114.58
2026-02-17,XLC,114.4
2026-02-18,XLC,114.59
2026-02-19,XLC,115.14
2026-02-20,XLC,116.8
2026-02-23,XLC,115.36
2026-02-24,XLC,116.16
2026-02-25,XLC,116.5
2026-02-26,XLC,116.72
2026-02-27,XLC,118.05
2026-03-02,XLC,117.87
2026-03-03,XLC,117.96
2026-03-04,XLC,118.79
2026-03-05,XLC,118.44
2026-03-06,XLC,117.46
2026-03-09,XLC,117.56
2026-03-10,XLC,117.38
2026-03-11,XLC,117.0
2026-03-12,XLC,115.27
2026-03-13,XLC,114.45
2026-03-16,XLC,115.33
2026-03-17,XLC,115.37
2026-03-18,XLC,113.66
2026-03-19,XLC,113.14
2026-03-20,XLC,112.23
2026-03-23,XLC,112.71
2026-03-24,XLC,111.13
2026-03-25,XLC,111.44
2026-03-26,XLC,108.81
2026-03-27,XLC,107.04
2026-03-30,XLC,107.96
2026-03-31,XLC,110.86
2026-04-01,XLC,111.24
2026-04-02,XLC,111.7
2026-04-06,XLC,111.76
2026-04-07,XLC,111.82
2026-04-08,XLC,113.81
2026-04-09,XLC,114.27
2026-04-10,XLC,113.95
2026-04-13,XLC,114.82
2026-04-14,XLC,116.56
2026-04-15,XLC,117.36
2026-04-16,XLC,118.83
2026-04-17,XLC,119.1
2026-04-20,XLC,118.75
2026-04-21,XLC,117.16
2026-04-22,XLC,117.88
2026-04-23,XLC,117.39
2026-04-24,XLC,115.54
2026-04-27,XLC,115.81
2026-04-28,XLC,115.75
2026-04-29,XLC,115.29
2026-04-30,XLC,116.51
2026-05-01,XLC,116.72
2026-05-04,XLC,116.1
2026-05-05,XLC,115.63
2026-05-06,XLC,117.35
2026-05-07,XLC,117.38
2026-05-08,XLC,116.94
2026-05-11,XLC,115.58
2026-05-12,XLC,115.86
2026-05-13,XLC,116.76
2026-05-14,XLC,117.11
2026-05-15,XLC,116.08
2026-05-18,XLC,116.98
2026-05-19,XLC,115.85
2026-05-20,XLC,116.1
2026-05-21,XLC,116.1
2026-05-22,XLC,115.46
2026-05-26,XLC,115.55
2026-05-27,XLC,116.26
2026-05-28,XLC,116.67
2026-05-29,XLC,115.69
2026-06-01,XLC,115.61
2026-06-02,XLC,113.57
2026-06-03,XLC,112.08
2026-06-04,XLC,113.11
2026-06-05,XLC,111.67
2026-06-08,XLC,111.09
2026-06-09,XLC,111.48
2026-06-10,XLC,111.01
2026-06-11,XLC,112.12
2026-06-12,XLC,111.65
2026-06-15,XLC,112.19
2026-06-16,XLC,112.32
2026-06-17,XLC,109.2
2026-06-18,XLC,109.45
2026-06-22,XLC,106.86
2026-06-23,XLC,107.27
2026-06-24,XLC,106.54
2026-06-25,XLC,105.58
2026-06-26,XLC,106.18
2026-06-29,XLC,107.88
2026-06-30,XLC,107.13
2026-07-01,XLC,109.74
2026-07-02,XLC,109.6
2026-07-06,XLC,110.21
2026-07-07,XLC,111.02
2026-07-08,XLC,109.46
2026-07-09,XLC,110.51
2026-07-10,XLC,111.64
2026-07-13,XLC,111.59
2026-07-14,XLC,111.45
2026-07-15,XLC,113.38
2026-07-16,XLC,112.65
2026-07-17,XLC,110.65
2026-07-20,XLC,110.8
2026-07-21,XLC,110.03
